keyword,search_volume,cpc,word_count,num_competitors,best_position,domains
"google google translate",45500000,2.62,3,1,18,"quora.com"
"google translate english spanish",6120000,2.71,4,1,17,"quora.com"
"google translate english to spanish",6120000,2.71,5,1,25,"quora.com"
"google translate from english to spanish",6120000,2.71,6,1,7,"quora.com"
"google translation english to spanish",6120000,2.71,5,1,29,"quora.com"
"google translator english to spanish",6120000,2.71,5,1,15,"quora.com"
"translate google english to spanish",6120000,2.71,5,1,22,"quora.com"
"google translate spanish english",2240000,3.36,4,1,23,"quora.com"
"google translate spanish to english",2240000,3.36,5,1,25,"quora.com"
"google translator spanish to english",2240000,3.36,5,1,28,"quora.com"
"rate my professor website",1830000,0.00,4,1,4,"quora.com"
"doodle games google",1500000,0.21,3,1,48,"quora.com"
"doodle google games",1500000,0.21,3,1,65,"quora.com"
"google doc form",1500000,2.02,3,1,18,"quora.com"
"google doodle game",1500000,0.21,3,1,78,"quora.com"
"google doodle games",1500000,0.21,3,1,75,"quora.com"
"google doodles games",1500000,0.21,3,1,56,"quora.com"
"google game doodle",1500000,0.21,3,1,21,"quora.com"
"google games doodle",1500000,0.21,3,1,44,"quora.com"
"google pics search",1500000,1.78,3,1,28,"quora.com"
"google image search by image",1220000,1.66,5,1,72,"quora.com"
"google pic search",1220000,1.66,3,1,47,"quora.com"
"search image on google",1220000,1.66,4,1,19,"quora.com"
"american marketing association",1000000,0.53,3,1,54,"mapquest.com"
"google artificial intelligence",1000000,1.15,3,1,43,"quora.com"
"website for realtor com",1000000,0.21,4,1,58,"quora.com"
"website for realtor.com",1000000,0.21,3,1,35,"quora.com"
"chat on google",823000,2.39,3,1,10,"quora.com"
"google passwords keeper",823000,4.03,3,1,20,"quora.com"
"messenger messenger facebook messenger",823000,2.11,4,1,28,"quora.com"
"nearest plumber to me",823000,34.19,4,1,19,"quora.com"
"plumber close to me",823000,34.19,4,1,20,"quora.com"
"plumbers close to me",823000,34.19,4,1,12,"quora.com"
"solitaire google game",823000,3.23,3,1,12,"quora.com"
"wayback machine web",823000,10.71,3,1,30,"quora.com"
"wayback machine website",823000,10.71,3,1,8,"quora.com"
"wayback machine websites",823000,10.71,3,1,9,"quora.com"
"web back machine",823000,10.71,3,1,6,"quora.com"
"web internet archive",823000,10.71,3,1,8,"quora.com"
"web wayback machine",823000,10.71,3,1,41,"quora.com"
"website back machine",823000,10.71,3,1,5,"quora.com"
"website internet archive",823000,10.71,3,1,11,"quora.com"
"website wayback machine",823000,10.71,3,1,47,"quora.com"
"wi fi speed test website",823000,2.95,5,1,96,"quora.com"
"email with google",673000,6.16,3,1,15,"quora.com"
"google and gmail",673000,6.16,3,1,20,"quora.com"
"google mail emails",673000,6.16,3,1,39,"quora.com"
"pac man games on google",673000,0.21,5,1,54,"quora.com"
"ferguson plumbers supply",301000,1.50,3,1,54,"servicetitan.com"
"plumbers supply ferguson",301000,1.50,3,1,86,"servicetitan.com"
"facebook and advertising",49500,29.03,3,1,80,"servicetitan.com"
"ferguson hvac supply",49500,4.99,3,1,71,"servicetitan.com"
"ferguson supply hvac",49500,4.99,3,1,88,"servicetitan.com"
"california contractor license",40500,6.96,3,1,29,"servicetitan.com"
"california contractors license",40500,6.96,3,1,32,"servicetitan.com"
"california state contractors license",40500,6.96,4,1,18,"servicetitan.com"
"contractors license ca",40500,6.96,3,1,10,"servicetitan.com"
"state contractors license california",40500,6.96,4,2,23,"servicetitan.com|getjobber.com"
"gps plumbing supply",33100,0.94,3,1,41,"getjobber.com"
"how make web",33100,12.65,3,1,91,"getjobber.com"
"how to i make a website",33100,12.65,6,1,13,"getjobber.com"
"google ad adwords",27100,6.98,3,1,79,"getjobber.com"
"google local service ads",27100,5.58,4,1,12,"getjobber.com"
"google local services ads",27100,5.58,4,1,12,"getjobber.com"
"phone number for facebook",27100,3.05,4,1,76,"housecallpro.com"
"contractors state license board california check",22200,2.07,6,1,87,"servicetitan.com"
"hvac job pay",22200,24.10,3,3,6,"servicetitan.com|getjobber.com|housecallpro.com"
"hvac job salary",22200,24.10,3,3,4,"servicetitan.com|getjobber.com|housecallpro.com"
"hvac jobs pay",22200,24.10,3,3,2,"servicetitan.com|getjobber.com|housecallpro.com"
"hvac jobs salary",22200,24.10,3,3,3,"servicetitan.com|getjobber.com|housecallpro.com"
"hvac pay rates",22200,24.10,3,3,3,"servicetitan.com|getjobber.com|housecallpro.com"
"best website making",22200,34.21,3,1,70,"getjobber.com"
"google adwords ads",22200,10.73,3,1,33,"getjobber.com"
"how much can a plumber earn",18100,1.06,6,3,2,"servicetitan.com|getjobber.com|housecallpro.com"
"how much can a plumber make",18100,1.06,6,2,2,"servicetitan.com|getjobber.com"
"how much can plumbers earn",18100,1.06,5,3,3,"servicetitan.com|getjobber.com|housecallpro.com"
"how much can plumbers make",18100,1.06,5,3,2,"servicetitan.com|getjobber.com|housecallpro.com"
"how much do plumber earn",18100,1.06,5,3,2,"servicetitan.com|getjobber.com|housecallpro.com"
"how much do plumbers make",18100,1.06,5,3,2,"servicetitan.com|getjobber.com|housecallpro.com"
"how much does a plumber earn",18100,1.06,6,3,3,"servicetitan.com|getjobber.com|housecallpro.com"
"how much does a plumber make",18100,1.06,6,3,2,"servicetitan.com|getjobber.com|housecallpro.com"
"how much does plumber earn",18100,1.06,5,1,4,"servicetitan.com"
"hvac technician pay",18100,11.45,3,3,2,"servicetitan.com|getjobber.com|housecallpro.com"
"hvac technician salary",18100,11.45,3,3,3,"servicetitan.com|getjobber.com|housecallpro.com"
"hvac technician starting pay",18100,11.45,4,3,4,"servicetitan.com|getjobber.com|housecallpro.com"
"hvac technician wages",18100,11.45,3,3,2,"servicetitan.com|getjobber.com|housecallpro.com"
"hvac techs salary",18100,11.45,3,3,3,"servicetitan.com|getjobber.com|housecallpro.com"
"hvac trade schools",18100,18.19,3,1,61,"servicetitan.com"
"income of a plumber",18100,1.68,4,3,7,"servicetitan.com|getjobber.com|housecallpro.com"
"pay for hvac technicians",18100,11.45,4,2,2,"servicetitan.com|housecallpro.com"
"plumber pay rate",18100,1.68,3,3,2,"servicetitan.com|getjobber.com|housecallpro.com"
"plumber pay rates",18100,1.68,3,3,3,"servicetitan.com|getjobber.com|housecallpro.com"
"plumbers pay rate",18100,1.68,3,3,6,"servicetitan.com|getjobber.com|housecallpro.com"
"plumbing pay rates",18100,1.68,3,3,2,"servicetitan.com|getjobber.com|housecallpro.com"
"salary hvac tech",18100,11.45,3,3,4,"servicetitan.com|getjobber.com|housecallpro.com"
"salary hvac technician",18100,11.45,3,3,3,"servicetitan.com|getjobber.com|housecallpro.com"
"salary of plumber",18100,1.68,3,3,5,"servicetitan.com|getjobber.com|housecallpro.com"
"tools for a plumber",18100,0.67,4,3,4,"servicetitan.com|getjobber.com|housecallpro.com"
"how can we make a free website",18100,13.52,7,1,61,"getjobber.com"
"how can you create a website for free",18100,13.52,8,1,61,"getjobber.com"
"how do i make a web page for free",18100,13.52,9,1,31,"getjobber.com"
"how do you create a free website",18100,13.52,7,1,92,"getjobber.com"
"how do you make websites",18100,18.24,5,1,16,"getjobber.com"
"how do you make websites for free",18100,13.52,7,1,80,"getjobber.com"
"how i create website free",18100,13.52,5,1,45,"getjobber.com"
"how to create a web page free",18100,13.52,7,1,65,"getjobber.com"
"how to create a website page for free",18100,13.52,8,1,85,"getjobber.com"
"how to make a free website page",18100,13.52,7,1,77,"getjobber.com"
"how to make free web",18100,13.52,5,1,56,"getjobber.com"
"how to make web for free",18100,13.52,6,1,76,"getjobber.com"
"hvac systems installation",18100,21.56,3,1,71,"getjobber.com"
"plumbers near me yelp",18100,17.61,4,1,45,"housecallpro.com"
"yelp plumbers near me",18100,17.61,4,1,41,"housecallpro.com"
"how much do hvac make",14800,18.05,5,3,4,"servicetitan.com|getjobber.com|housecallpro.com"
"how much do hvac technicians make",14800,18.05,6,3,5,"servicetitan.com|getjobber.com|housecallpro.com"
"how much do hvac techs make",14800,18.05,6,2,5,"servicetitan.com|housecallpro.com"
"how much does an hvac tech make",14800,18.05,7,2,6,"servicetitan.com|getjobber.com"
"how much does an hvac technician make",14800,18.05,7,3,3,"servicetitan.com|getjobber.com|housecallpro.com"
"how much does hvac make",14800,18.05,5,3,3,"servicetitan.com|getjobber.com|housecallpro.com"
"how much does hvac tech make",14800,18.05,6,3,4,"servicetitan.com|getjobber.com|housecallpro.com"
"plumber trade schools",14800,6.80,3,1,68,"servicetitan.com"
"plumbing trade schools",14800,6.80,3,1,25,"servicetitan.com"
"schooling for plumbing",14800,6.88,3,1,92,"servicetitan.com"
"schools for plumbers",14800,6.88,3,1,65,"servicetitan.com"
"trade schools for plumbing",14800,6.80,4,1,58,"servicetitan.com"
"businesses on facebook",14800,7.05,3,1,60,"getjobber.com"
"company account on facebook",14800,5.81,4,1,24,"getjobber.com"
"how do you create a business page in facebook",14800,6.17,9,1,29,"getjobber.com"
"how to create a facebook for business page",14800,6.17,8,1,62,"getjobber.com"
"services digital marketing",14800,18.27,3,1,14,"housecallpro.com"
"general contractor licence",12100,5.11,3,2,16,"servicetitan.com|getjobber.com"
"general contractor license",12100,5.11,3,2,31,"servicetitan.com|getjobber.com"
"general contractor permit",12100,5.11,3,2,92,"servicetitan.com|getjobber.com"
"misfits market review",12100,2.46,3,1,96,"servicetitan.com"
"commercial cleaning contractors",12100,4.66,3,1,66,"getjobber.com"
"commercial plumbers near me",12100,25.23,4,1,89,"getjobber.com"
"general building contractors license",12100,5.11,4,1,41,"getjobber.com"
"google reviews for businesses",12100,12.01,4,1,95,"getjobber.com"
"license general contractor",12100,5.11,3,1,19,"getjobber.com"
"hvac repair technician",9900,14.47,3,1,11,"servicetitan.com"
"plumber schools near me",9900,5.85,4,1,94,"servicetitan.com"
"certified roofing contractor",9900,7.55,3,1,5,"getjobber.com"
"certified roofing contractors",9900,7.55,3,1,17,"getjobber.com"
"cost of hvac system and installation",9900,14.30,6,1,56,"getjobber.com"
"google local service",9900,5.25,3,1,12,"getjobber.com"
"google local services",9900,5.25,3,1,15,"getjobber.com"
"how do i remove a google review",9900,11.80,7,1,28,"getjobber.com"
"how do i remove a review on google",9900,11.80,8,1,67,"getjobber.com"
"how do you remove a review on google",9900,11.80,8,1,57,"getjobber.com"
"how to erase google review",9900,11.80,5,1,87,"getjobber.com"
"local services by google",9900,5.25,4,1,10,"getjobber.com"
"website make a",9900,24.16,3,1,28,"getjobber.com"
"atlas credit card review",8100,3.79,4,1,70,"servicetitan.com"
"better bureau business reviews",8100,0.78,4,1,40,"servicetitan.com"
"better business bureau review",8100,0.78,4,1,63,"servicetitan.com"
"better business bureau reviews",8100,0.78,4,1,53,"servicetitan.com"
"better business reviews",8100,0.78,3,1,69,"servicetitan.com"
"certified roofing contractor near me",8100,63.31,5,1,59,"getjobber.com"
"how do i become a general contractor",8100,6.86,7,1,8,"getjobber.com"
"how do you make your own website",8100,13.48,7,1,18,"getjobber.com"
"how to become a building contractor",8100,6.86,6,1,68,"getjobber.com"
"how to become a contractor",8100,6.86,5,1,60,"getjobber.com"
"how to become a general contractor",8100,6.86,6,1,25,"getjobber.com"
"how to create your own websites",8100,13.48,6,1,25,"getjobber.com"
"how to make your own website",8100,13.48,6,1,19,"getjobber.com"
"plumbers in america",8100,5.82,3,1,25,"getjobber.com"
"marketing services email",8100,60.63,3,1,44,"housecallpro.com"
"average plumber income",6600,0.61,3,2,3,"servicetitan.com|getjobber.com"
"average plumber salary",6600,0.61,3,3,5,"servicetitan.com|getjobber.com|housecallpro.com"
"average plumber wage",6600,0.61,3,3,5,"servicetitan.com|getjobber.com|housecallpro.com"
"average wage for a plumber",6600,0.61,5,3,3,"servicetitan.com|getjobber.com|housecallpro.com"
"contractors license in north carolina",6600,4.81,5,2,21,"servicetitan.com|getjobber.com"
"fl contractors license",6600,10.10,3,2,14,"servicetitan.com|getjobber.com"
"general contractor licence florida",6600,10.10,4,2,39,"servicetitan.com|getjobber.com"
"general contractors licence florida",6600,10.10,4,2,8,"servicetitan.com|getjobber.com"
"how to become a plumber",6600,8.29,5,3,20,"servicetitan.com|getjobber.com|housecallpro.com"
"licensed contractors nc",6600,4.81,3,2,32,"servicetitan.com|getjobber.com"
"licensed general contractor nc",6600,4.81,4,2,15,"servicetitan.com|getjobber.com"
"new york city plumbing",6600,11.25,4,2,45,"servicetitan.com|getjobber.com"
"north carolina general contractor license",6600,4.81,5,2,21,"servicetitan.com|getjobber.com"
"plumber annual salary",6600,0.61,3,3,6,"servicetitan.com|getjobber.com|housecallpro.com"
"plumber average salary",6600,0.61,3,3,5,"servicetitan.com|getjobber.com|housecallpro.com"
"plumber in new york",6600,11.25,4,3,28,"servicetitan.com|getjobber.com|housecallpro.com"
"plumber new york",6600,11.25,3,2,33,"servicetitan.com|getjobber.com"
"plumbing in new york",6600,11.25,4,2,31,"servicetitan.com|getjobber.com"
"power home remodeling reviews",6600,12.04,4,1,81,"servicetitan.com"
"state of florida contractor license",6600,10.10,5,2,6,"servicetitan.com|getjobber.com"
"state of florida general contractor license",6600,10.10,6,2,9,"servicetitan.com|getjobber.com"
"state of north carolina contractor license",6600,4.81,6,2,45,"servicetitan.com|getjobber.com"
"state of north carolina contractors license",6600,4.81,6,2,36,"servicetitan.com|getjobber.com"
"texas board of plumbing examiners",6600,6.77,5,2,39,"servicetitan.com|housecallpro.com"
"delete reviews google",6600,30.44,3,1,67,"getjobber.com"
"erase google review",6600,30.44,3,1,91,"getjobber.com"
"florida general contractor license",6600,10.10,4,1,22,"getjobber.com"
"general contractor license fl",6600,10.10,4,1,9,"getjobber.com"
"general contractor license florida",6600,10.10,4,1,7,"getjobber.com"
"google local ads",6600,4.62,3,1,16,"getjobber.com"
"nc contractors license",6600,4.81,3,1,20,"getjobber.com"
"nc general contractor license",6600,4.81,4,1,22,"getjobber.com"
"north carolina contractors license",6600,4.81,4,1,23,"getjobber.com"
"office cleaning contractor",6600,12.29,3,1,22,"getjobber.com"
"online reputation services",6600,70.84,3,1,68,"getjobber.com"
"plumber in new york ny",6600,11.25,5,1,42,"getjobber.com"
"plumber in ny",6600,11.25,3,1,43,"getjobber.com"
"what does a contractor do",6600,4.49,5,1,28,"getjobber.com"
"biggest digital marketing agency",6600,25.56,4,1,80,"housecallpro.com"
"jobs at facebook",6600,1.09,3,1,79,"housecallpro.com"
"what do contractors do",6600,4.49,4,1,4,"housecallpro.com"
"what do general contractors do",6600,4.49,5,1,40,"housecallpro.com"
"contractor license nevada",5400,6.81,3,1,19,"servicetitan.com"
"contractor license nv",5400,6.81,3,1,15,"servicetitan.com"
"contractors license nevada",5400,6.81,3,1,51,"servicetitan.com"
"contractors licensing board louisiana",5400,1.53,4,2,17,"servicetitan.com|getjobber.com"
"general contractor license florida search",5400,1.46,5,2,55,"servicetitan.com|getjobber.com"
"home service pro",5400,13.15,3,3,14,"servicetitan.com|getjobber.com|housecallpro.com"
"la contractors license board",5400,1.53,4,2,23,"servicetitan.com|getjobber.com"
"la contractors licensing board",5400,1.53,4,2,20,"servicetitan.com|getjobber.com"
"nv contractors license",5400,6.81,3,1,57,"servicetitan.com"
"oregon construction contractors board lookup",5400,3.59,5,1,67,"servicetitan.com"
"plumbing companies in usa",5400,12.12,4,2,13,"servicetitan.com|getjobber.com"
"plumbing companies usa",5400,12.12,3,3,28,"servicetitan.com|getjobber.com|plumbingwebmasters.com"
"plumbing los angeles",5400,32.93,3,1,96,"servicetitan.com"
"septic tank contractor",5400,17.98,3,1,73,"servicetitan.com"
"state of nevada contractors license",5400,6.81,5,1,55,"servicetitan.com"
"contractor license louisiana",5400,1.53,3,1,17,"getjobber.com"
"contractor's license nevada",5400,6.81,3,1,68,"getjobber.com"
"facebook page home",5400,0.00,3,1,23,"getjobber.com"
"home service professionals",5400,13.15,3,2,30,"getjobber.com|housecallpro.com"
"home services pro",5400,13.15,3,2,7,"getjobber.com|housecallpro.com"
"how to create a website online free",5400,14.41,7,1,73,"getjobber.com"
"how to design free website",5400,14.41,5,1,73,"getjobber.com"
"how to make a website online for free",5400,14.41,8,1,69,"getjobber.com"
"louisiana contractors license",5400,1.53,3,1,18,"getjobber.com"
"louisiana general contractors license",5400,1.53,4,1,9,"getjobber.com"
"maintenance home services",5400,13.23,3,1,14,"getjobber.com"
"online reputation management",5400,73.00,3,1,67,"getjobber.com"
"domain purchase through google",5400,25.09,4,1,58,"housecallpro.com"
"google business verification",5400,11.75,3,1,9,"housecallpro.com"
"google my business verification",5400,11.75,4,1,7,"housecallpro.com"
"google my business verify my business",5400,11.75,6,1,7,"housecallpro.com"
"purchase a domain through google",5400,25.09,5,1,74,"housecallpro.com"
"verify google business",5400,11.75,3,1,8,"housecallpro.com"
"verify my business on google",5400,11.75,5,1,7,"housecallpro.com"
"all pro plumbing",4400,15.60,3,2,82,"servicetitan.com|housecallpro.com"
"contractor license fl",4400,7.57,3,2,16,"servicetitan.com|getjobber.com"
"contractor license florida",4400,7.57,3,2,35,"servicetitan.com|getjobber.com"
"contractors licensing board florida",4400,7.57,4,2,57,"servicetitan.com|getjobber.com"
"direct mail marketing",4400,31.55,3,1,27,"servicetitan.com"
"direct mailers marketing",4400,31.55,3,1,28,"servicetitan.com"
"florida contractor license",4400,7.57,3,2,12,"servicetitan.com|getjobber.com"
"florida contractors license",4400,7.57,3,2,9,"servicetitan.com|getjobber.com"
"florida state contractors license",4400,7.57,4,2,5,"servicetitan.com|getjobber.com"
"google authenticator code",4400,2.90,3,1,22,"servicetitan.com"
"hvac load calculation",4400,4.50,3,3,1,"servicetitan.com|getjobber.com|housecallpro.com"
"hvac load calculations",4400,4.50,3,3,1,"servicetitan.com|getjobber.com|housecallpro.com"
"license for contractor",4400,12.64,3,1,38,"servicetitan.com"
"load calculations for hvac",4400,4.50,4,3,1,"servicetitan.com|getjobber.com|housecallpro.com"
"mailing marketing direct",4400,31.55,3,1,33,"servicetitan.com"
"plumbers board texas",4400,7.04,3,1,19,"servicetitan.com"
"plumbing rough ins",4400,4.04,3,1,2,"servicetitan.com"
"sms for marketing",4400,52.14,3,1,86,"servicetitan.com"
"state contractor license florida",4400,7.57,4,2,11,"servicetitan.com|getjobber.com"
"texas plumbing board",4400,7.04,3,1,16,"servicetitan.com"
"texas state board plumbing",4400,7.04,4,1,27,"servicetitan.com"
"build a website for a business",4400,38.15,6,1,64,"getjobber.com"
"build websites for businesses",4400,38.15,4,1,81,"getjobber.com"
"company online reputation management",4400,50.45,4,1,71,"getjobber.com"
"contractor management software",4400,138.71,3,1,24,"getjobber.com"
"contractors licence florida",4400,7.57,3,1,11,"getjobber.com"
"florida contractors licence",4400,7.57,3,1,16,"getjobber.com"
"home service franchises",4400,11.30,3,1,26,"getjobber.com"
"home services franchises",4400,11.30,3,1,37,"getjobber.com"
"how to create a page at facebook",4400,2.85,7,1,76,"getjobber.com"
"license construction contractor",4400,12.64,3,1,43,"getjobber.com"
"online reputation company",4400,50.45,3,1,76,"getjobber.com"
"2fa google authenticator",3600,3.15,3,1,36,"servicetitan.com"
"arizona contractors license",3600,3.32,3,1,29,"servicetitan.com"
"best hvac systems",3600,8.01,3,1,90,"servicetitan.com"
"certified hvac contractor",3600,2.81,3,3,3,"servicetitan.com|getjobber.com|housecallpro.com"
"commercial hvac companies",3600,17.37,3,1,99,"servicetitan.com"
"contractor license az",3600,3.32,3,1,29,"servicetitan.com"
"contractor license michigan",3600,4.42,3,2,6,"servicetitan.com|getjobber.com"
"contractors license az",3600,3.32,3,1,61,"servicetitan.com"
"contractors license in az",3600,3.32,4,1,43,"servicetitan.com"
"good hvac systems",3600,8.01,3,2,23,"servicetitan.com|housecallpro.com"
"google authenticator pc",3600,6.16,3,1,15,"servicetitan.com"
"how can i get a contractor license",3600,3.86,7,2,61,"servicetitan.com|getjobber.com"
"how can i get a contractors license",3600,3.86,7,2,20,"servicetitan.com|getjobber.com"
"how can i get a general contractor license",3600,3.86,8,2,7,"servicetitan.com|getjobber.com"
"how can i get contractor license",3600,3.98,6,2,7,"servicetitan.com|getjobber.com"
"how do i get a contractors license",3600,3.98,7,2,61,"servicetitan.com|getjobber.com"
"how do i get a general contractors license",3600,3.98,8,2,6,"servicetitan.com|getjobber.com"
"how do i get contractors license",3600,3.98,6,2,4,"servicetitan.com|getjobber.com"
"how do i get my contractor license",3600,3.98,7,2,13,"servicetitan.com|getjobber.com"
"how do you get a general contractor's license",3600,3.86,8,2,27,"servicetitan.com|getjobber.com"
"how do you get contractor license",3600,3.86,6,1,91,"servicetitan.com"
"how much do plumber make a year",3600,0.41,7,3,2,"servicetitan.com|getjobber.com|housecallpro.com"
"how much do plumbers make a year",3600,0.41,7,3,2,"servicetitan.com|getjobber.com|housecallpro.com"
"how much do plumbers make in a year",3600,0.41,8,3,1,"servicetitan.com|getjobber.com|housecallpro.com"
"how much does a plumber make a year",3600,0.41,8,3,4,"servicetitan.com|getjobber.com|housecallpro.com"
"how much does a plumber make in a year",3600,0.41,9,3,2,"servicetitan.com|getjobber.com|housecallpro.com"
"how much does a plumber make yearly",3600,0.41,7,3,4,"servicetitan.com|getjobber.com|housecallpro.com"
"how much does general contractors make",3600,0.00,6,2,41,"servicetitan.com|getjobber.com"
"how much does plumber make a year",3600,0.41,7,3,2,"servicetitan.com|getjobber.com|housecallpro.com"
"how much does plumbers make a year",3600,0.41,7,3,1,"servicetitan.com|getjobber.com|housecallpro.com"
"how much does plumbing make a year",3600,0.41,7,2,1,"servicetitan.com|getjobber.com"
"how to get a contractor licence",3600,3.86,6,1,62,"servicetitan.com"
"how to get a contractors license",3600,3.98,6,2,19,"servicetitan.com|getjobber.com"
"how to get my contractors license",3600,3.98,6,2,19,"servicetitan.com|getjobber.com"
"how to get your contractor's license",3600,3.98,6,2,19,"servicetitan.com|getjobber.com"
"how to get your general contractor license",3600,3.86,7,2,31,"servicetitan.com|getjobber.com"
"how to obtain contractor license",3600,3.98,5,2,57,"servicetitan.com|getjobber.com"
"hvac contractor certification",3600,2.81,3,3,2,"servicetitan.com|getjobber.com|housecallpro.com"
"services in websites",3600,32.81,3,2,6,"servicetitan.com|housecallpro.com"
"state of michigan licensed contractors",3600,4.42,5,2,9,"servicetitan.com|getjobber.com"
"what do plumber do",3600,3.06,4,3,45,"servicetitan.com|getjobber.com|housecallpro.com"
"what is a hvac technician",3600,12.51,5,2,13,"servicetitan.com|housecallpro.com"
"what is hvac tech",3600,12.51,4,2,30,"servicetitan.com|housecallpro.com"
"what is hvac technician",3600,12.51,4,3,18,"servicetitan.com|getjobber.com|housecallpro.com"
"build website business",3600,32.94,3,1,76,"getjobber.com"
"cost of plumber",3600,14.38,3,2,31,"getjobber.com|housecallpro.com"
"cost of plumbing",3600,14.38,3,2,15,"getjobber.com|housecallpro.com"
"diy website builder",3600,20.06,3,1,22,"getjobber.com"
"diy website building",3600,20.06,3,1,29,"getjobber.com"
"do it yourself website builders",3600,20.06,5,1,68,"getjobber.com"
"easily build a website",3600,43.26,4,1,76,"getjobber.com"
"general building contractor salary",3600,3.44,4,2,7,"getjobber.com|housecallpro.com"
"general contractor income",3600,3.44,3,2,5,"getjobber.com|housecallpro.com"
"general contractor pay",3600,3.44,3,1,8,"getjobber.com"
"general contractor salary",3600,3.44,3,1,5,"getjobber.com"
"general contractor wage",3600,3.44,3,1,6,"getjobber.com"
"general contractor wages",3600,3.44,3,1,8,"getjobber.com"
"general contractors pay",3600,3.44,3,1,100,"getjobber.com"
"general contractors salary",3600,3.44,3,1,4,"getjobber.com"
"how create a business website",3600,21.64,5,1,73,"getjobber.com"
"how do i get a general contractor's license",3600,3.86,8,1,32,"getjobber.com"
"how do you get a general contractors license",3600,3.98,8,1,64,"getjobber.com"
"how much do building contractors make",3600,0.00,6,1,9,"getjobber.com"
"how much do construction contractors make",3600,0.00,6,2,6,"getjobber.com|housecallpro.com"
"how much do contractor make",3600,0.00,5,2,4,"getjobber.com|housecallpro.com"
"how much do general contractors make",3600,0.00,6,1,6,"getjobber.com"
"how much does a building contractor make",3600,0.00,7,2,6,"getjobber.com|housecallpro.com"
"how much does a construction contractor make",3600,0.00,7,2,6,"getjobber.com|housecallpro.com"
"how much does a general contractor make",3600,0.00,7,1,7,"getjobber.com"
"how much does contractor make",3600,0.00,5,2,5,"getjobber.com|housecallpro.com"
"how much does contractors make",3600,0.00,5,2,5,"getjobber.com|housecallpro.com"
"how much does general contractor make",3600,0.00,6,1,10,"getjobber.com"
"how to get a general contractor license",3600,3.86,7,1,33,"getjobber.com"
"how to get contractors licence",3600,3.86,5,1,6,"getjobber.com"
"how to get general contractors license",3600,3.86,6,1,70,"getjobber.com"
"how to obtain general contractor license",3600,3.86,6,1,70,"getjobber.com"
"how.much do contractors make",3600,0.00,4,2,4,"getjobber.com|housecallpro.com"
"make website easily",3600,43.26,3,1,28,"getjobber.com"
"make your own website sites",3600,26.03,5,1,66,"getjobber.com"
"making website easy",3600,43.26,3,1,71,"getjobber.com"
"salary for general contractor",3600,3.44,4,2,10,"getjobber.com|housecallpro.com"
"salary general contractor",3600,3.44,3,2,7,"getjobber.com|housecallpro.com"
"salary of a general contractor",3600,3.44,5,1,8,"getjobber.com"
"sites to make your own website",3600,26.03,6,1,89,"getjobber.com"
"state of michigan contractors license",3600,4.42,5,1,7,"getjobber.com"
"web based accounting software for small business",3600,40.16,7,1,91,"getjobber.com"
"website design your own",3600,26.03,4,1,77,"getjobber.com"
"website to create your own website",3600,17.08,6,1,81,"getjobber.com"
"what do plumbers do",3600,3.06,4,2,12,"getjobber.com|housecallpro.com"
"what does a plumber",3600,3.06,4,2,52,"getjobber.com|housecallpro.com"
"what does a plumber do",3600,3.06,5,1,29,"getjobber.com"
"what does plumber do",3600,3.06,4,1,46,"getjobber.com"
"what is a subcontractor",3600,0.49,4,1,33,"getjobber.com"
"what plumber does",3600,3.06,3,2,15,"getjobber.com|housecallpro.com"
"what plumbers do",3600,3.06,3,2,20,"getjobber.com|housecallpro.com"
"best hvac system",3600,8.01,3,1,84,"housecallpro.com"
"facebook telephone number customer service",3600,4.19,5,1,72,"housecallpro.com"
"full service marketing companies",3600,21.55,4,1,18,"housecallpro.com"
"google voice call rates",3600,17.57,4,1,70,"housecallpro.com"
"how long is hvac schooling",3600,12.69,5,1,12,"housecallpro.com"
"how much do contractors make",3600,0.00,5,1,5,"housecallpro.com"
"hvac maintenance plan",3600,11.87,3,1,6,"housecallpro.com"
"top-rated contractors near me",3600,7.35,4,1,66,"housecallpro.com"
"active plumbing supply company",2900,0.55,4,1,89,"servicetitan.com"
"arizona contractor license check",2900,3.12,4,1,72,"servicetitan.com"
"arkansas contractors license",2900,4.12,3,1,17,"servicetitan.com"
"arkansas contractors licensing board",2900,4.12,4,1,12,"servicetitan.com"
"arkansas state contractors license",2900,4.12,4,1,13,"servicetitan.com"
"construction contractors license",2900,5.95,3,1,44,"servicetitan.com"
"contractor billing template",2900,8.12,3,2,4,"servicetitan.com|getjobber.com"
"contractor invoice example",2900,8.12,3,2,4,"servicetitan.com|getjobber.com"
"contractor invoice template",2900,6.63,3,2,10,"servicetitan.com|getjobber.com"
"contractor license in ga",2900,4.27,4,2,24,"servicetitan.com|getjobber.com"
"contractor licensing board arkansas",2900,4.12,4,1,14,"servicetitan.com"
"contractors invoice sample",2900,8.12,3,2,5,"servicetitan.com|getjobber.com"
"contractors invoice template",2900,8.12,3,2,17,"servicetitan.com|getjobber.com"
"electric contractor license",2900,7.25,3,2,2,"servicetitan.com|housecallpro.com"
"electrical contractor licence",2900,7.25,3,1,20,"servicetitan.com"
"electrical contractor license",2900,7.25,3,2,29,"servicetitan.com|housecallpro.com"
"electrical contractors licence",2900,7.25,3,3,47,"servicetitan.com|getjobber.com|housecallpro.com"
"ga contractors license",2900,4.27,3,2,19,"servicetitan.com|getjobber.com"
"general contractor license georgia",2900,4.27,4,2,16,"servicetitan.com|getjobber.com"
"general contractor licensing texas",2900,2.57,4,2,16,"servicetitan.com|getjobber.com"
"general contractors license",2900,5.95,3,2,48,"servicetitan.com|getjobber.com"
"google multi factor authentication",2900,2.66,4,1,18,"servicetitan.com"
"home service agreement program",2900,15.18,4,2,14,"servicetitan.com|housecallpro.com"
"hvac duct calculator",2900,3.95,3,1,1,"servicetitan.com"
"licensed contractors georgia",2900,4.27,3,1,46,"servicetitan.com"
"plumbing supplies companies",2900,2.94,3,1,51,"servicetitan.com"
"plumbing supply companies",2900,2.94,3,1,68,"servicetitan.com"
"plumbing wholesale suppliers",2900,3.06,3,1,48,"servicetitan.com"
"sample contractor invoice",2900,8.12,3,2,6,"servicetitan.com|getjobber.com"
"seo services for business",2900,21.37,4,1,65,"servicetitan.com"
"service lead generation",2900,39.34,3,2,24,"servicetitan.com|housecallpro.com"
"state contractor license texas",2900,2.57,4,2,13,"servicetitan.com|getjobber.com"
"state of texas contractor license",2900,2.57,5,2,12,"servicetitan.com|getjobber.com"
"template for contractor invoice",2900,8.12,4,2,6,"servicetitan.com|getjobber.com"
"texas contractors licence",2900,2.57,3,2,6,"servicetitan.com|getjobber.com"
"titan boost review",2900,0.64,3,1,70,"servicetitan.com"
"titan boost reviews",2900,0.64,3,1,32,"servicetitan.com"
"general contractor license ga",2900,4.27,4,1,18,"getjobber.com"
"hvac system inspection",2900,21.34,3,1,27,"getjobber.com"
"plumber free estimate",2900,38.52,3,2,77,"getjobber.com|housecallpro.com"
"plumbers free estimate near me",2900,32.04,5,2,59,"getjobber.com|housecallpro.com"
"plumbing free estimate near me",2900,32.04,5,1,82,"getjobber.com"
"plumbing near me free estimate",2900,32.04,5,1,81,"getjobber.com"
"reputation management for businesses",2900,102.50,4,1,83,"getjobber.com"
"reputation management in business",2900,102.50,4,1,77,"getjobber.com"
"state of georgia general contractor license",2900,4.27,6,1,12,"getjobber.com"
"texas contractors licensing board",2900,2.57,4,1,61,"getjobber.com"
"website building online",2900,29.99,3,1,87,"getjobber.com"
"domain name registration on google",2900,25.48,5,1,78,"housecallpro.com"
"free estimates plumbing",2900,38.52,3,1,99,"housecallpro.com"
"free plumbing estimates",2900,38.52,3,1,93,"housecallpro.com"
"handyman plumber near me",2900,29.83,4,1,69,"housecallpro.com"
"home service agreement programs",2900,15.18,4,1,26,"housecallpro.com"
"lead generation services",2900,39.34,3,1,64,"housecallpro.com"
"marketing items for businesses",2900,14.14,4,1,56,"housecallpro.com"
"plumber handyman near me",2900,29.83,4,1,84,"housecallpro.com"
"plumbers near me free estimates",2900,32.04,5,1,89,"housecallpro.com"
"plumbing handyman near me",2900,29.83,4,1,98,"housecallpro.com"
"register domain through google",2900,25.48,4,1,59,"housecallpro.com"
"seo service business",2900,21.37,3,1,67,"housecallpro.com"
"seo services business",2900,21.37,3,1,37,"housecallpro.com"
"average hvac salary",2400,1.55,3,3,4,"servicetitan.com|getjobber.com|housecallpro.com"
"commercial hvac jobs",2400,3.33,3,1,78,"servicetitan.com"
"contractor license tn",2400,5.82,3,2,26,"servicetitan.com|getjobber.com"
"contractor license va",2400,4.09,3,1,26,"servicetitan.com"
"contractor license verification tn",2400,0.00,4,1,23,"servicetitan.com"
"contractors license requirements",2400,3.28,3,2,52,"servicetitan.com|getjobber.com"
"contractors license tennessee lookup",2400,0.00,4,1,30,"servicetitan.com"
"contractors license va",2400,4.09,3,1,11,"servicetitan.com"
"enterprise hvac supply",2400,5.05,3,1,73,"servicetitan.com"
"general contractor nyc",2400,4.66,3,2,21,"servicetitan.com|getjobber.com"
"general contractors license va",2400,4.09,4,1,14,"servicetitan.com"
"general contractors license virginia",2400,4.09,4,1,12,"servicetitan.com"
"google titan security key",2400,2.74,4,1,35,"servicetitan.com"
"google verification code",2400,2.33,3,1,24,"servicetitan.com"
"home services companies",2400,11.73,3,3,21,"servicetitan.com|getjobber.com|housecallpro.com"
"how long does it take to become a plumber",2400,4.62,9,3,25,"servicetitan.com|getjobber.com|housecallpro.com"
"how much do hvacs make a year",2400,30.68,7,2,3,"servicetitan.com|housecallpro.com"
"how much does a hvac technician make a year",2400,30.68,9,3,3,"servicetitan.com|getjobber.com|housecallpro.com"
"how much does an hvac tech make a year",2400,30.68,9,3,2,"servicetitan.com|getjobber.com|housecallpro.com"
"how much does hvac make a year",2400,30.68,7,3,4,"servicetitan.com|getjobber.com|housecallpro.com"
"how much does hvac technician make a year",2400,30.68,8,3,2,"servicetitan.com|getjobber.com|housecallpro.com"
"how to become an hvac technician",2400,15.03,6,2,45,"servicetitan.com|getjobber.com"
"how to facebook advertise",2400,21.29,4,1,54,"servicetitan.com"
"hvac average salary",2400,1.55,3,3,4,"servicetitan.com|getjobber.com|housecallpro.com"
"hvac tool bags with tools",2400,0.62,5,1,76,"servicetitan.com"
"licensed contractor requirements",2400,3.28,3,1,76,"servicetitan.com"
"plumber hourly rate",2400,7.87,3,3,10,"servicetitan.com|getjobber.com|housecallpro.com"
"plumber per hour rate",2400,7.87,4,2,24,"servicetitan.com|housecallpro.com"
"plumbers helpers jobs",2400,3.72,3,1,20,"servicetitan.com"
"plumbers rate per hour",2400,7.87,4,2,32,"servicetitan.com|housecallpro.com"
"roofing contractor license",2400,27.26,3,2,2,"servicetitan.com|getjobber.com"
"seo for roofers",2400,40.23,3,1,7,"servicetitan.com"
"state of tennessee contractors license lookup",2400,0.00,6,1,93,"servicetitan.com"
"state of virginia contractors license",2400,4.09,5,1,14,"servicetitan.com"
"tennessee contractor license board",2400,5.82,4,1,26,"servicetitan.com"
"tennessee contractor license verification",2400,0.00,4,1,26,"servicetitan.com"
"tennessee contractors license",2400,5.82,3,1,35,"servicetitan.com"
"tennessee contractors licensing board",2400,5.82,4,1,15,"servicetitan.com"
"tennessee general contractors license lookup",2400,0.00,5,1,98,"servicetitan.com"
"tn license verification contractor",2400,0.00,4,1,38,"servicetitan.com"
"tool bags for hvac",2400,0.62,4,1,31,"servicetitan.com"
"virginia contractor license",2400,4.09,3,1,35,"servicetitan.com"
"virginia general contractors license",2400,4.09,4,1,9,"servicetitan.com"
"build a website for my business",2400,43.65,6,1,55,"getjobber.com"
"building a free business website",2400,31.51,5,1,74,"getjobber.com"
"create in facebook",2400,10.80,3,1,65,"getjobber.com"
"create my business website",2400,43.65,4,1,67,"getjobber.com"
"facebook create facebook",2400,10.80,3,1,28,"getjobber.com"
"general contractor license requirements",2400,3.28,4,1,48,"getjobber.com"
"general contractor licensing requirements",2400,3.28,4,1,84,"getjobber.com"
"general contractor new york",2400,4.66,4,1,41,"getjobber.com"
"home service co",2400,11.73,3,2,31,"getjobber.com|housecallpro.com"
"how to become hvac technician",2400,15.03,5,2,31,"getjobber.com|housecallpro.com"
"hvac certified technician",2400,9.89,3,1,28,"getjobber.com"
"hvac sales career",2400,1.32,3,1,53,"getjobber.com"
"hvac technician certifications",2400,9.89,3,1,65,"getjobber.com"
"interior painting contractors near me",2400,19.02,5,1,57,"getjobber.com"
"make a website for your business free",2400,31.51,7,1,63,"getjobber.com"
"make my business website",2400,43.65,4,1,80,"getjobber.com"
"price of hvac",2400,8.39,3,2,11,"getjobber.com|housecallpro.com"
"price per hour for plumber",2400,7.87,5,1,19,"getjobber.com"
"price per hour plumber",2400,7.87,4,2,31,"getjobber.com|housecallpro.com"
"prices for hvac",2400,8.39,3,2,15,"getjobber.com|housecallpro.com"
"another word for contractor",2400,0.00,4,1,18,"housecallpro.com"
"best web hosting sites small business",2400,28.80,6,1,96,"housecallpro.com"
"buy facebook likes on page",2400,2.59,5,1,63,"housecallpro.com"
"buying facebook page likes",2400,2.59,4,1,14,"housecallpro.com"
"digital marketing company for small businesses",2400,28.19,6,1,58,"housecallpro.com"
"emotionally intelligent leader",2400,6.64,3,1,36,"housecallpro.com"
"google business profile verification",2400,12.79,4,1,10,"housecallpro.com"
"google business profile verify",2400,12.79,4,1,7,"housecallpro.com"
"how do i remove bad google reviews",2400,13.78,7,1,86,"housecallpro.com"
"how do i remove bad reviews from google",2400,13.78,8,1,66,"housecallpro.com"
"how do you remove bad reviews on google",2400,13.78,8,1,57,"housecallpro.com"
"hvac business for sale",2400,2.64,4,1,63,"housecallpro.com"
"plumbing helper jobs",2400,3.72,3,1,93,"housecallpro.com"
"yelp contractors near me",2400,53.29,4,1,65,"housecallpro.com"
"best electrician websites",1900,10.06,3,2,1,"servicetitan.com|housecallpro.com"
"best hvac brands",1900,5.62,3,2,28,"servicetitan.com|housecallpro.com"
"check contractor license nj",1900,0.25,4,1,31,"servicetitan.com"
"check nj contractor license",1900,0.25,4,1,46,"servicetitan.com"
"commercial plumbing services",1900,22.14,3,1,78,"servicetitan.com"
"contractor license nj verification",1900,0.25,4,1,37,"servicetitan.com"
"contractors license in pennsylvania",1900,1.95,4,1,15,"servicetitan.com"
"florida building contractor license requirements",1900,6.76,5,1,28,"servicetitan.com"
"florida building contractors license requirements",1900,6.76,5,1,40,"servicetitan.com"
"florida contractors license requirements",1900,6.76,4,1,30,"servicetitan.com"
"florida general contractors license requirements",1900,6.76,5,1,46,"servicetitan.com"
"general contractor requirements in florida",1900,6.76,5,1,52,"servicetitan.com"
"google authenticator extension",1900,6.52,3,1,15,"servicetitan.com"
"home improvement contractor license",1900,4.51,4,1,47,"servicetitan.com"
"home service platform",1900,8.00,3,2,1,"servicetitan.com|housecallpro.com"
"home service website",1900,20.24,3,2,19,"servicetitan.com|housecallpro.com"
"home service websites",1900,20.24,3,1,8,"servicetitan.com"
"home services platform",1900,8.00,3,2,2,"servicetitan.com|housecallpro.com"
"home services website",1900,20.24,3,2,3,"servicetitan.com|housecallpro.com"
"how to get contractors license",1900,5.01,5,1,91,"servicetitan.com"
"how to get hvac certified",1900,12.23,5,2,31,"servicetitan.com|housecallpro.com"
"how to use google authenticator",1900,5.13,5,1,19,"servicetitan.com"
"hvac in new york",1900,7.76,4,1,55,"servicetitan.com"
"hvac maintenance checklist",1900,6.27,3,2,6,"servicetitan.com|housecallpro.com"
"hvac new york",1900,7.76,3,1,72,"servicetitan.com"
"hvac new york city",1900,7.76,4,1,95,"servicetitan.com"
"licensed contractor pennsylvania",1900,1.95,3,1,14,"servicetitan.com"
"licensed contractors pennsylvania",1900,1.95,3,1,46,"servicetitan.com"
"master plumber salary",1900,5.78,3,2,5,"servicetitan.com|housecallpro.com"
"master plumber wage",1900,5.78,3,2,3,"servicetitan.com|housecallpro.com"
"master plumbers wages",1900,5.78,3,2,3,"servicetitan.com|housecallpro.com"
"nc electrical contractors license",1900,3.85,4,2,2,"servicetitan.com|housecallpro.com"
"new jersey contractor license check",1900,0.25,5,1,30,"servicetitan.com"
"new jersey contractor license verification",1900,0.25,5,1,28,"servicetitan.com"
"new jersey contractors license lookup",1900,0.25,5,1,41,"servicetitan.com"
"nj contractor license check",1900,0.25,4,1,77,"servicetitan.com"
"nj contractor license verification",1900,0.25,4,1,36,"servicetitan.com"
"oregon contractor license check",1900,0.76,4,1,86,"servicetitan.com"
"oregon contractors license check",1900,0.76,4,1,87,"servicetitan.com"
"pa contractors licence",1900,1.95,3,1,12,"servicetitan.com"
"pennsylvania state contractors license",1900,1.95,4,1,15,"servicetitan.com"
"requirements for general contractor license in florida",1900,6.76,7,1,28,"servicetitan.com"
"residential service plumbing",1900,23.56,3,1,73,"servicetitan.com"
"salary for master plumber",1900,5.78,4,2,4,"servicetitan.com|housecallpro.com"
"salary of a master plumber",1900,5.78,5,2,6,"servicetitan.com|housecallpro.com"
"salary of master plumber",1900,5.78,4,2,3,"servicetitan.com|housecallpro.com"
"state of florida contractors license requirements",1900,6.76,6,1,33,"servicetitan.com"
"verify contractor license nj",1900,0.25,4,1,24,"servicetitan.com"
"verify nj contractor license",1900,0.25,4,1,29,"servicetitan.com"
"website construction companies",1900,10.82,3,1,2,"servicetitan.com"
"website for building construction",1900,10.82,4,1,8,"servicetitan.com"
"websites for building construction",1900,10.82,4,1,11,"servicetitan.com"
"websites for construction companies",1900,10.82,4,1,22,"servicetitan.com"
"what do hvac technicians do",1900,29.05,5,1,34,"servicetitan.com"
"what does an hvac technician do",1900,29.05,6,1,27,"servicetitan.com"
"what is hvac technician salary",1900,15.50,5,2,2,"servicetitan.com|housecallpro.com"
"what is the salary of a hvac technician",1900,15.50,8,2,3,"servicetitan.com|housecallpro.com"
"angie's list contractor",1900,16.79,3,1,18,"housecallpro.com"
"angie's list for contractors",1900,16.79,4,1,16,"housecallpro.com"
"best home services",1900,11.18,3,1,38,"housecallpro.com"
"cost of hvac training",1900,12.16,4,1,4,"housecallpro.com"
"google local service ads login",1900,2.21,5,1,15,"housecallpro.com"
"handyman home services",1900,7.82,3,1,77,"housecallpro.com"
"how much does a plumber cost",1900,14.14,6,1,38,"housecallpro.com"
"how to get certified for hvac",1900,12.23,6,1,25,"housecallpro.com"
"how to get certified in hvac",1900,12.23,6,1,97,"housecallpro.com"
"hvac class cost",1900,12.16,3,1,5,"housecallpro.com"
"hvac courses cost",1900,12.16,3,1,14,"housecallpro.com"
"hvac schooling cost",1900,12.16,3,1,3,"housecallpro.com"
"master plumber pay",1900,5.78,3,1,8,"housecallpro.com"
"master plumber wages",1900,5.78,3,1,3,"housecallpro.com"
"optimize site for seo",1900,28.83,4,1,28,"housecallpro.com"
"plumbing apprentice rates of pay",1900,13.12,5,1,57,"housecallpro.com"
"seo optimised website",1900,28.83,3,1,30,"housecallpro.com"
"yelp general contractor near me",1900,14.53,5,1,68,"housecallpro.com"
"al contractors license",1600,2.79,3,1,18,"servicetitan.com"
"alabama board of electrical contractors",1600,26.42,5,2,7,"servicetitan.com|housecallpro.com"
"alabama electrical contractors board",1600,26.42,4,2,13,"servicetitan.com|housecallpro.com"
"alabama general contractors license",1600,2.79,4,1,38,"servicetitan.com"
"alabama plumbers gas fitters board",1600,5.74,5,2,65,"servicetitan.com|housecallpro.com"
"alabama plumbing board",1600,5.74,3,1,9,"servicetitan.com"
"apprentice plumbing license",1600,5.41,3,1,58,"servicetitan.com"
"best hvac companies",1600,11.33,3,1,18,"servicetitan.com"
"best hvac company",1600,11.33,3,2,10,"servicetitan.com|housecallpro.com"
"business plan hvac",1600,12.52,3,2,3,"servicetitan.com|housecallpro.com"
"ca contractors license",1600,5.28,3,1,23,"servicetitan.com"
"commercial hvac systems",1600,17.18,3,1,34,"servicetitan.com"
"construction company web design",1600,26.89,4,1,18,"servicetitan.com"
"construction website design",1600,26.89,3,1,51,"servicetitan.com"
"contractor licence nj",1600,2.69,3,1,13,"servicetitan.com"
"contractor license ga",1600,6.79,3,1,28,"servicetitan.com"
"contractor license in alabama",1600,2.79,4,2,36,"servicetitan.com|housecallpro.com"
"contractors license oregon",1600,3.37,3,1,42,"servicetitan.com"
"contractors license utah",1600,3.02,3,1,46,"servicetitan.com"
"contractors state license board georgia",1600,6.79,5,1,36,"servicetitan.com"
"contractors state license board idaho",1600,4.69,5,1,9,"servicetitan.com"
"cost of plumber per hour",1600,9.51,5,2,25,"servicetitan.com|housecallpro.com"
"general contractor licence california",1600,6.64,4,1,29,"servicetitan.com"
"general contractor license nj",1600,2.69,4,2,16,"servicetitan.com|housecallpro.com"
"general contractors license utah",1600,3.02,4,1,19,"servicetitan.com"
"georgia contractor license",1600,6.79,3,1,18,"servicetitan.com"
"georgia contractors license",1600,6.79,3,1,29,"servicetitan.com"
"georgia contractors state license board",1600,6.79,5,1,57,"servicetitan.com"
"georgia state contractors license",1600,6.79,4,1,20,"servicetitan.com"
"google account setup",1600,2.43,3,1,44,"servicetitan.com"
"google authenticator 2fa app",1600,1.97,4,1,29,"servicetitan.com"
"google authenticator app download",1600,3.09,4,1,18,"servicetitan.com"
"google authenticator app for pc",1600,3.97,5,1,15,"servicetitan.com"
"hourly rate for plumber",1600,9.05,4,2,9,"servicetitan.com|housecallpro.com"
"hourly rate plumbers",1600,9.05,3,2,56,"servicetitan.com|housecallpro.com"
"how can i get a plumbing license",1600,5.86,7,2,12,"servicetitan.com|housecallpro.com"
"how can i get plumbing license",1600,5.86,6,2,2,"servicetitan.com|housecallpro.com"
"how do i get a plumbers license",1600,5.86,7,2,9,"servicetitan.com|housecallpro.com"
"how do i get my contractor license in california",1600,4.18,9,1,25,"servicetitan.com"
"how long does it take to get a hvac certification",1600,9.51,10,2,12,"servicetitan.com|housecallpro.com"
"how long does it take to get hvac certification",1600,9.51,9,2,4,"servicetitan.com|housecallpro.com"
"how long does it take to get hvac certified",1600,9.51,9,2,4,"servicetitan.com|housecallpro.com"
"how to get a contractors license in ca",1600,4.18,8,1,33,"servicetitan.com"
"how to get a contractors license in california",1600,4.18,8,1,34,"servicetitan.com"
"how to get a plumbers license",1600,5.86,6,2,14,"servicetitan.com|housecallpro.com"
"how to get contractor license in california",1600,4.18,7,1,35,"servicetitan.com"
"how to get my contractors license in california",1600,4.18,8,1,24,"servicetitan.com"
"how to get plumbing license",1600,5.86,5,1,14,"servicetitan.com"
"how to obtain contractors license in california",1600,4.18,7,1,33,"servicetitan.com"
"hvac business plan",1600,12.52,3,2,3,"servicetitan.com|housecallpro.com"
"hvac equipment distributor",1600,5.83,3,1,46,"servicetitan.com"
"hvac equipment distributors",1600,5.83,3,1,40,"servicetitan.com"
"hvac load calc software",1600,10.03,4,2,8,"servicetitan.com|housecallpro.com"
"hvac maintenance contract",1600,17.27,3,2,16,"servicetitan.com|housecallpro.com"
"hvac maintenance contracts",1600,17.27,3,2,5,"servicetitan.com|housecallpro.com"
"hvac new jersey",1600,27.19,3,1,65,"servicetitan.com"
"idaho contractor license",1600,4.69,3,1,18,"servicetitan.com"
"idaho contractor license board",1600,4.69,4,1,10,"servicetitan.com"
"idaho contractors board",1600,4.69,3,1,12,"servicetitan.com"
"idaho contractors license",1600,4.69,3,1,15,"servicetitan.com"
"idaho contractors state license board",1600,4.69,5,1,16,"servicetitan.com"
"idaho general contractors license",1600,4.69,4,1,9,"servicetitan.com"
"illinois plumbing codes",1600,1.93,3,1,89,"servicetitan.com"
"journeyman plumber salary",1600,0.00,3,2,6,"servicetitan.com|housecallpro.com"
"journeyman plumber wages",1600,0.00,3,2,2,"servicetitan.com|housecallpro.com"
"lead gen sites",1600,40.17,3,2,6,"servicetitan.com|housecallpro.com"
"licensed contractors nj",1600,2.69,3,1,27,"servicetitan.com"
"licensed plumbers texas",1600,6.91,3,2,5,"servicetitan.com|housecallpro.com"
"load calculation hvac software",1600,10.03,4,2,9,"servicetitan.com|housecallpro.com"
"load calculation software hvac",1600,10.03,4,2,9,"servicetitan.com|housecallpro.com"
"maintenance agreement hvac",1600,17.27,3,2,11,"servicetitan.com|housecallpro.com"
"nevada contractors license",1600,5.54,3,1,37,"servicetitan.com"
"new jersey contractor license",1600,2.69,4,2,24,"servicetitan.com|housecallpro.com"
"nj contractor license",1600,2.69,3,1,22,"servicetitan.com"
"nj contractors licence",1600,2.69,3,1,18,"servicetitan.com"
"nj contractors license",1600,2.69,3,2,13,"servicetitan.com|housecallpro.com"
"nj general contractor license",1600,2.69,4,2,16,"servicetitan.com|housecallpro.com"
"oregon contractors license",1600,3.37,3,1,35,"servicetitan.com"
"oregon general contractor license",1600,3.37,4,1,63,"servicetitan.com"
"plumber apprentice license",1600,5.41,3,1,38,"servicetitan.com"
"plumber journeyman wage",1600,0.00,3,2,5,"servicetitan.com|housecallpro.com"
"plumbers apprentice license",1600,5.41,3,2,43,"servicetitan.com|housecallpro.com"
"plumbing apprentice license",1600,5.41,3,1,55,"servicetitan.com"
"plumbing codes illinois",1600,1.93,3,1,92,"servicetitan.com"
"plumbing hourly rate",1600,9.05,3,2,19,"servicetitan.com|housecallpro.com"
"plumbing journeyman salary",1600,0.00,3,2,4,"servicetitan.com|housecallpro.com"
"plumbing prices per hour",1600,9.51,4,2,6,"servicetitan.com|housecallpro.com"
"plumbing rate per hour",1600,9.05,4,2,4,"servicetitan.com|housecallpro.com"
"plumbing rates per hour",1600,9.05,4,2,6,"servicetitan.com|housecallpro.com"
"roofing seo companies",1600,51.79,3,1,64,"servicetitan.com"
"roofing seo company",1600,51.79,3,1,55,"servicetitan.com"
"seo for electricians",1600,50.12,3,1,1,"servicetitan.com"
"seo for roofing companies",1600,51.79,4,1,11,"servicetitan.com"
"seo for service providers",1600,26.06,4,1,5,"servicetitan.com"
"state of alabama contractors license",1600,2.79,5,1,16,"servicetitan.com"
"state of illinois plumbing code",1600,1.93,5,1,21,"servicetitan.com"
"state of utah contractors license",1600,3.02,5,1,78,"servicetitan.com"
"texas plumbing license",1600,6.91,3,2,3,"servicetitan.com|housecallpro.com"
"top rated plumbing supply near me",1600,1.53,6,1,70,"servicetitan.com"
"utah contractor license",1600,3.02,3,1,42,"servicetitan.com"
"utah contractors board",1600,3.02,3,1,65,"servicetitan.com"
"utah contractors license",1600,3.02,3,1,40,"servicetitan.com"
"utah general contractors license",1600,3.02,4,1,29,"servicetitan.com"
"web design construction",1600,26.89,3,1,33,"servicetitan.com"
"website design construction",1600,26.89,3,1,2,"servicetitan.com"
"website design for construction company",1600,26.89,5,1,21,"servicetitan.com"
"company employment reviews",1600,1.67,3,1,42,"housecallpro.com"
"cost of a plumber per hour",1600,9.51,6,1,9,"housecallpro.com"
"delete calendar on google",1600,0.00,4,1,34,"housecallpro.com"
"domain name through google",1600,20.06,4,1,77,"housecallpro.com"
"estimating programs for contractors",1600,39.80,4,1,54,"housecallpro.com"
"how do i verify my business on google",1600,8.40,8,1,7,"housecallpro.com"
"how much do plumbers charge per hour",1600,9.25,7,1,32,"housecallpro.com"
"how much does plumbers charge per hour",1600,9.25,7,1,8,"housecallpro.com"
"how much for plumbing",1600,14.92,4,1,6,"housecallpro.com"
"how much is a plumber",1600,14.92,5,1,43,"housecallpro.com"
"how to download with google chrome",1600,0.88,6,1,58,"housecallpro.com"
"how to get plumber license",1600,5.86,5,1,17,"housecallpro.com"
"how to verify a business on google",1600,8.40,7,1,7,"housecallpro.com"
"how to verify google business",1600,8.40,5,1,6,"housecallpro.com"
"how to verify google my business",1600,8.40,6,1,3,"housecallpro.com"
"how to verify my business on google",1600,8.40,7,1,8,"housecallpro.com"
"journeyman plumber wage",1600,0.00,3,1,4,"housecallpro.com"
"lead generation sites",1600,40.17,3,1,1,"housecallpro.com"
"lead generation website",1600,40.17,3,1,4,"housecallpro.com"
"marketing promotional giveaways",1600,10.41,3,1,96,"housecallpro.com"
"online marketing companies for small business",1600,44.89,6,1,96,"housecallpro.com"
"plumber charge per hour",1600,9.51,4,1,35,"housecallpro.com"
"plumber cost per hour",1600,9.51,4,1,30,"housecallpro.com"
"plumber fee per hour",1600,9.51,4,1,12,"housecallpro.com"
"plumber journeyman salary",1600,0.00,3,1,5,"housecallpro.com"
"plumber price per hour",1600,9.51,4,1,27,"housecallpro.com"
"plumber prices per hour",1600,9.51,4,1,5,"housecallpro.com"
"plumber rates per hour",1600,9.05,4,1,33,"housecallpro.com"
"plumbers cost per hour",1600,9.51,4,1,32,"housecallpro.com"
"plumbing cost per hour",1600,9.51,4,1,3,"housecallpro.com"
"plumbing how much",1600,14.92,3,1,8,"housecallpro.com"
"alabama contractors license",1300,3.87,3,1,31,"servicetitan.com"
"alabama plumbing and gasfitting board",1300,5.61,5,2,60,"servicetitan.com|housecallpro.com"
"alabama state licensing board for general contractors",1300,3.87,7,1,20,"servicetitan.com"
"angi leads login",1300,11.73,3,2,9,"servicetitan.com|housecallpro.com"
"application home service",1300,15.96,3,2,9,"servicetitan.com|housecallpro.com"
"apps for contractors",1300,40.58,3,1,34,"servicetitan.com"
"atlas plumbing supply",1300,2.31,3,1,74,"servicetitan.com"
"average pay for a hvac technician",1300,7.44,6,2,2,"servicetitan.com|housecallpro.com"
"average pay for hvac technician",1300,7.44,5,2,2,"servicetitan.com|housecallpro.com"
"average salary for hvac technician",1300,7.44,5,2,2,"servicetitan.com|housecallpro.com"
"average salary of hvac technician",1300,7.44,5,2,3,"servicetitan.com|housecallpro.com"
"career as a plumber",1300,7.72,4,2,26,"servicetitan.com|housecallpro.com"
"career as plumber",1300,7.72,3,2,13,"servicetitan.com|housecallpro.com"
"construction contractor software",1300,75.31,3,1,31,"servicetitan.com"
"construction contractors software",1300,75.31,3,2,28,"servicetitan.com|housecallpro.com"
"contractor estimate template",1300,10.93,3,1,35,"servicetitan.com"
"contractor license alabama",1300,3.87,3,1,40,"servicetitan.com"
"contractor license wa state",1300,4.66,4,1,69,"servicetitan.com"
"ac and plumbing pro",1300,5.64,4,1,98,"housecallpro.com"
"answering service for plumbers",1300,105.27,4,1,75,"housecallpro.com"
"champion home services",1300,14.42,3,1,58,"housecallpro.com"
"contracts for electrical contractors",1300,14.19,4,1,23,"housecallpro.com"
"electrical contractor contracts",1300,14.19,3,1,3,"housecallpro.com"
"five star home services",1300,10.20,4,1,71,"housecallpro.com"
"florida electrical contractors license",1300,6.28,4,1,58,"housecallpro.com"
"general contractor software",1300,75.31,3,1,17,"housecallpro.com"
"grand canyon home services",1300,45.65,4,1,80,"housecallpro.com"
"home improvement contractor license nj",1300,6.60,5,1,66,"housecallpro.com"
"home service agreements",1300,29.08,3,1,3,"housecallpro.com"
"home service app",1300,15.96,3,1,6,"housecallpro.com"
"home services app",1300,15.96,3,1,3,"housecallpro.com"
"home services application",1300,15.96,3,1,2,"housecallpro.com"
"home services contract",1300,29.08,3,1,9,"housecallpro.com"
"home services contractor",1300,29.08,3,1,23,"housecallpro.com"
"how much do plumbers cost",1300,10.18,5,1,25,"housecallpro.com"
"how much do plumbers make an hour",1300,3.84,7,1,4,"housecallpro.com"
"how much do.plumbers charge",1300,10.18,4,1,37,"housecallpro.com"
"how much does a plumber make an hour",1300,3.84,8,1,4,"housecallpro.com"
"how much does plumbing cost",1300,10.18,5,1,13,"housecallpro.com"
"how to become plumber",1300,5.61,4,1,29,"housecallpro.com"
"how to get into hvac",1300,17.42,5,1,25,"housecallpro.com"
"hvac contractors license",1300,14.25,3,1,57,"housecallpro.com"
"hvac license in texas",1300,14.59,4,1,19,"housecallpro.com"
"hvac license texas",1300,14.59,3,1,21,"housecallpro.com"
"hvac texas license",1300,14.59,3,1,29,"housecallpro.com"
"licensed hvac contractor",1300,14.25,3,1,11,"housecallpro.com"
"new jersey home improvement contractor license",1300,6.60,6,1,69,"housecallpro.com"
"new jersey home improvement contractors license",1300,6.60,6,1,95,"housecallpro.com"
"new york state plumbing code",1300,1.28,5,1,34,"housecallpro.com"
"nj home improvement contractor license",1300,6.60,5,1,75,"housecallpro.com"
"ohio contractors license",1300,2.78,3,1,79,"housecallpro.com"
"ohio general contractor license",1300,2.78,4,1,98,"housecallpro.com"
"plumber how much does it cost",1300,10.18,6,1,47,"housecallpro.com"
"plumbing in washington dc",1300,31.21,4,1,42,"housecallpro.com"
"plumbing or electrician",1300,0.00,3,1,66,"housecallpro.com"
"plumbing vs electrician",1300,0.00,3,1,85,"housecallpro.com"
"pro tool review",1300,0.33,3,1,76,"housecallpro.com"
"service website builder",1300,45.94,3,1,31,"housecallpro.com"
"software for general contractor",1300,75.31,4,1,45,"housecallpro.com"
"starting pay hvac apprentice",1300,3.10,4,1,38,"housecallpro.com"
"verify plumbing license texas",1300,1.29,4,1,63,"housecallpro.com"
"website creator services",1300,45.94,3,1,67,"housecallpro.com"
"average hourly rate for plumber",1000,6.66,5,1,7,"housecallpro.com"
"average hourly rate plumber",1000,6.66,4,1,6,"housecallpro.com"
"best practice for email marketing",1000,8.29,5,1,21,"housecallpro.com"
"cfm calculator hvac",1000,4.74,3,1,5,"housecallpro.com"
"companies hiring plumbers",1000,6.11,3,1,86,"housecallpro.com"
"jokes about plumbers",1000,0.00,3,1,40,"plumbingwebmasters.com"
"jokes for plumbers",1000,0.00,3,1,42,"plumbingwebmasters.com"
"local seo for plumbers",880,66.39,4,1,3,"plumbingwebmasters.com"
"business plan for plumbing",590,8.81,4,1,47,"plumbingwebmasters.com"
"plumbing business plan",590,8.81,3,1,4,"plumbingwebmasters.com"
"plumbing lead generation",590,48.17,3,1,6,"plumbingwebmasters.com"
"seo moz competitor analysis",590,5.48,4,1,67,"plumbingwebmasters.com"
"seo service experts",590,0.00,3,1,25,"plumbingwebmasters.com"
"best plumber tools",480,0.62,3,1,92,"plumbingwebmasters.com"
"best plumbers tools",480,0.62,3,1,78,"plumbingwebmasters.com"
"best tools for plumbers",480,0.62,4,1,79,"plumbingwebmasters.com"
"funny plumber meme",480,0.00,3,1,1,"plumbingwebmasters.com"
"funny plumber memes",480,0.00,3,1,1,"plumbingwebmasters.com"
"funny plumbing memes",480,0.00,3,1,1,"plumbingwebmasters.com"
"plumber meme funny",480,0.00,3,1,1,"plumbingwebmasters.com"
"plumber memes funny",480,0.00,3,1,1,"plumbingwebmasters.com"
"plumbing meme funny",480,0.00,3,1,1,"plumbingwebmasters.com"
"plumbing memes funny",480,0.00,3,1,1,"plumbingwebmasters.com"
"plumber crack memes",390,0.00,3,1,76,"plumbingwebmasters.com"
"plumbers crack memes",390,0.00,3,1,87,"plumbingwebmasters.com"
"plumbing business software",390,141.33,3,1,77,"plumbingwebmasters.com"
"plumbing management software",390,259.42,3,1,82,"plumbingwebmasters.com"
"plumbing tool sets",390,0.58,3,1,91,"plumbingwebmasters.com"
"set of plumbing tools",390,0.58,4,1,65,"plumbingwebmasters.com"
"crm for plumbers",320,102.93,3,1,17,"plumbingwebmasters.com"
"how many plumbers are in the us",320,4.95,7,1,4,"plumbingwebmasters.com"
"how many plumbers in the us",320,4.95,6,1,4,"plumbingwebmasters.com"
"how many plumbers in usa",320,4.95,5,1,4,"plumbingwebmasters.com"
"marketing a plumbing business",320,96.02,4,1,5,"plumbingwebmasters.com"
"new plumber tools",320,0.71,3,1,8,"plumbingwebmasters.com"
"new plumbing tool",320,0.71,3,1,24,"plumbingwebmasters.com"
"new plumbing tools",320,0.71,3,1,7,"plumbingwebmasters.com"
"dirty plumber jokes",260,0.00,3,1,15,"plumbingwebmasters.com"
"dirty plumbing jokes",260,0.00,3,1,18,"plumbingwebmasters.com"
"google ads for plumbers",260,53.61,4,1,3,"plumbingwebmasters.com"
"plumber jokes dirty",260,0.00,3,1,16,"plumbingwebmasters.com"
"plumber west los angeles",260,77.70,4,1,69,"plumbingwebmasters.com"
"plumbing jokes dirty",260,0.00,3,1,15,"plumbingwebmasters.com"
"puns about plumbing",260,0.00,3,1,8,"plumbingwebmasters.com"
"service plumbing software",260,103.81,3,1,39,"plumbingwebmasters.com"
"special plumbing tools",260,0.69,3,1,44,"plumbingwebmasters.com"
"water damage seo",260,22.47,3,1,90,"plumbingwebmasters.com"
"funny plumber images",210,0.00,3,1,4,"plumbingwebmasters.com"
"funny plumber pics",210,0.00,3,1,26,"plumbingwebmasters.com"
"funny plumber pictures",210,0.00,3,1,23,"plumbingwebmasters.com"
"funny plumbing images",210,0.00,3,1,4,"plumbingwebmasters.com"
"funny plumbing pics",210,0.00,3,1,7,"plumbingwebmasters.com"
"funny plumbing pictures",210,0.00,3,1,5,"plumbingwebmasters.com"
"plumber on the way",210,10.43,4,1,18,"plumbingwebmasters.com"
"plumbing tools toilet",210,0.23,3,1,69,"plumbingwebmasters.com"
"steve's waterworks plumbing",210,8.01,3,1,4,"plumbingwebmasters.com"
"toilet plumber tools",210,0.23,3,1,57,"plumbingwebmasters.com"
"water damage leads",210,32.81,3,1,8,"plumbingwebmasters.com"
"what industry is plumbing",210,3.66,4,1,10,"plumbingwebmasters.com"
"funny names for a plumber",170,0.00,5,1,11,"plumbingwebmasters.com"
"funny nicknames for plumbers",170,0.00,4,1,25,"plumbingwebmasters.com"
"funny plumber names",170,0.00,3,1,14,"plumbingwebmasters.com"
"funny plumbers names",170,0.00,3,1,12,"plumbingwebmasters.com"
"funny plumbing names",170,0.00,3,1,12,"plumbingwebmasters.com"
"marketing ideas for plumbers",170,86.10,4,1,6,"plumbingwebmasters.com"
"plumber website templates",170,36.98,3,1,64,"plumbingwebmasters.com"
"plumbing marketing ideas",170,86.10,3,1,7,"plumbingwebmasters.com"
"plumbing websites templates",170,36.98,3,1,12,"plumbingwebmasters.com"
"a plumbing company",140,55.42,3,1,9,"plumbingwebmasters.com"
"bad plumbing photos",140,0.00,3,1,59,"plumbingwebmasters.com"
"bad plumbing pics",140,0.00,3,1,64,"plumbingwebmasters.com"
"best plumber website",140,32.10,3,1,68,"plumbingwebmasters.com"
"best plumbers website",140,8.82,3,1,6,"plumbingwebmasters.com"
"best plumbing websites",140,32.10,3,1,7,"plumbingwebmasters.com"
"funny plumber jokes",140,0.00,3,1,21,"plumbingwebmasters.com"
"funny plumber logos",140,0.80,3,1,38,"plumbingwebmasters.com"
"funny plumbing jokes",140,0.00,3,1,30,"plumbingwebmasters.com"
"funny plumbing quotes",140,0.27,3,1,2,"plumbingwebmasters.com"
"funny plumbing slogans",140,0.36,3,1,4,"plumbingwebmasters.com"
"funny quotes about plumbers",140,0.27,4,1,2,"plumbingwebmasters.com"
"hilarious plumber jokes",140,0.00,3,1,18,"plumbingwebmasters.com"
"pick up lines for plumbers",140,0.00,5,1,14,"plumbingwebmasters.com"
"plumber chat up lines",140,0.00,4,1,10,"plumbingwebmasters.com"
"plumber funny quotes",140,0.27,3,1,2,"plumbingwebmasters.com"
"plumber jokes funny",140,0.00,3,1,44,"plumbingwebmasters.com"
"plumber pick up lines",140,0.00,4,1,16,"plumbingwebmasters.com"
"plumber quotes funny",140,0.27,3,1,2,"plumbingwebmasters.com"
"plumbing pick up lines",140,0.00,4,1,15,"plumbingwebmasters.com"
"plumbing quotes funny",140,0.27,3,1,2,"plumbingwebmasters.com"
"plumbing slogans funny",140,0.36,3,1,4,"plumbingwebmasters.com"
"plumbing specialty tools",140,0.56,3,1,49,"plumbingwebmasters.com"
"the plumbing genius",140,1.94,3,1,22,"plumbingwebmasters.com"
"water damage marketing",140,41.26,3,1,22,"plumbingwebmasters.com"
"water damage restoration marketing",140,25.60,4,1,34,"plumbingwebmasters.com"
"water restoration marketing",140,31.08,3,1,45,"plumbingwebmasters.com"
"advertise plumbing business",110,0.00,3,1,6,"plumbingwebmasters.com"
"advertising plumbing business",110,77.20,3,1,3,"plumbingwebmasters.com"
"call the plumber these pipes are about to burst",110,0.00,9,1,5,"plumbingwebmasters.com"
"chattanooga marketing agencies",110,5.62,3,1,90,"plumbingwebmasters.com"
"cool plumbing tools",110,0.57,3,1,15,"plumbingwebmasters.com"
"directory of plumbers",110,5.99,3,1,6,"plumbingwebmasters.com"
"funny names for plumbing companies",110,0.29,5,1,17,"plumbingwebmasters.com"
"funny plumber gif",110,0.00,3,1,16,"plumbingwebmasters.com"
"funny plumbing company names",110,0.29,4,1,38,"plumbingwebmasters.com"
"funny plumbing gif",110,0.00,3,1,11,"plumbingwebmasters.com"
"new plumbing technologies",110,1.38,3,1,96,"plumbingwebmasters.com"
"new plumbing technology",110,1.38,3,1,19,"plumbingwebmasters.com"
"new technology in plumbing",110,1.38,4,1,13,"plumbingwebmasters.com"
"new technology in plumbing system",110,1.38,5,1,88,"plumbingwebmasters.com"
"plumber advertising ideas",110,18.24,3,1,2,"plumbingwebmasters.com"
"plumbing ad ideas",110,18.24,3,1,15,"plumbingwebmasters.com"
"plumbing ads ideas",110,18.24,3,1,2,"plumbingwebmasters.com"
"plumbing advertising ideas",110,18.24,3,1,2,"plumbingwebmasters.com"
"plumbing business advertising",110,77.20,3,1,3,"plumbingwebmasters.com"
"plumbing company names funny",110,0.29,4,1,11,"plumbingwebmasters.com"
"slang for plumbers",110,0.00,3,1,89,"plumbingwebmasters.com"
"water damage restoration leads",110,21.69,4,1,16,"plumbingwebmasters.com"
"water restoration leads",110,26.19,3,1,5,"plumbingwebmasters.com"
"accounting software for plumbers",90,144.23,4,1,87,"plumbingwebmasters.com"
"best way to advertise a plumbing business",90,210.83,7,1,7,"plumbingwebmasters.com"
"best way to advertise plumbing business",90,210.83,6,1,12,"plumbingwebmasters.com"
"gay plumber meme",90,0.00,3,1,41,"plumbingwebmasters.com"
"humor plumbing memes",90,0.00,3,1,1,"plumbingwebmasters.com"
"pipe plumbing tools",90,0.76,3,1,80,"plumbingwebmasters.com"
"plumbing advertising slogans",90,4.90,3,1,18,"plumbingwebmasters.com"
"plumbing business plan sample",90,6.10,4,1,23,"plumbingwebmasters.com"
"plumbing fail gif",90,0.00,3,1,13,"plumbingwebmasters.com"
"plumbing tools pipe",90,0.76,3,1,81,"plumbingwebmasters.com"
"real estate webmasters review",90,0.00,4,1,36,"plumbingwebmasters.com"
"real estate webmasters reviews",90,0.00,4,1,31,"plumbingwebmasters.com"
"sunset west plumbing",90,37.50,3,1,3,"plumbingwebmasters.com"
"water damage lead generation",90,0.00,4,1,16,"plumbingwebmasters.com"
"webmasters near me",90,31.23,3,1,26,"plumbingwebmasters.com"
"words from plumber",90,0.00,3,1,22,"plumbingwebmasters.com"
"ai for plumbers",70,26.19,3,1,21,"plumbingwebmasters.com"
"best advertising for plumbers",70,0.00,4,1,3,"plumbingwebmasters.com"
"best software for plumbing business",70,94.44,5,1,28,"plumbingwebmasters.com"
"biggest plumbing companies in the us",70,0.23,6,1,31,"plumbingwebmasters.com"
"cbo facebook ad",70,0.00,3,1,54,"plumbingwebmasters.com"
"content marketing for plumbers",70,0.00,4,1,3,"plumbingwebmasters.com"
"free plumbing leads",70,50.71,3,1,15,"plumbingwebmasters.com"
"funny pictures of plumbers",70,0.00,4,1,5,"plumbingwebmasters.com"
"funny plumber photos",70,0.00,3,1,28,"plumbingwebmasters.com"
"funny plumbing photos",70,0.00,3,1,6,"plumbingwebmasters.com"
"good plumbing review",70,9.20,3,1,58,"plumbingwebmasters.com"
"how much does a plumbing company make",70,0.00,7,1,54,"plumbingwebmasters.com"
"how to market a plumbing business",70,81.90,6,1,14,"plumbingwebmasters.com"
"largest plumbing companies in usa",70,0.23,5,1,64,"plumbingwebmasters.com"
"lead generation for plumbers",70,76.95,4,1,20,"plumbingwebmasters.com"
"marketing firms chattanooga",70,4.15,3,1,73,"plumbingwebmasters.com"
"new plumbing tools 2025",70,0.80,4,1,1,"plumbingwebmasters.com"
"plumber funny pictures",70,0.00,3,1,5,"plumbingwebmasters.com"
"plumber jokes one-liners",70,0.00,3,1,12,"plumbingwebmasters.com"
"plumber marketing strategy",70,74.89,3,1,53,"plumbingwebmasters.com"
"plumber pictures funny",70,0.00,3,1,6,"plumbingwebmasters.com"
"plumber referral program",70,32.05,3,1,3,"plumbingwebmasters.com"
"plumber work tools",70,0.49,3,1,62,"plumbingwebmasters.com"
"plumbers jokes one liners",70,0.00,4,1,6,"plumbingwebmasters.com"
"plumbing crm software",70,126.16,3,1,12,"plumbingwebmasters.com"
"plumbing design service",70,23.89,3,1,76,"plumbingwebmasters.com"
"plumbing funny pics",70,0.00,3,1,9,"plumbingwebmasters.com"
"plumbing funny pictures",70,0.00,3,1,4,"plumbingwebmasters.com"
"plumbing industry statistics",70,0.00,3,1,3,"plumbingwebmasters.com"
"plumbing industry trends",70,5.37,3,1,2,"plumbingwebmasters.com"
"plumbing jokes one liners",70,0.00,4,1,12,"plumbingwebmasters.com"
"plumbing jokes one-liners",70,0.00,3,1,11,"plumbingwebmasters.com"
"plumbing leads free",70,50.71,3,1,1,"plumbingwebmasters.com"
"plumbing marketing strategies",70,74.89,3,1,51,"plumbingwebmasters.com"
"plumbing photos funny",70,0.00,3,1,11,"plumbingwebmasters.com"
"plumbing pictures funny",70,0.00,3,1,11,"plumbingwebmasters.com"
"plumbing referral program",70,32.05,3,1,18,"plumbingwebmasters.com"
"plumbing referral programs",70,32.05,3,1,4,"plumbingwebmasters.com"
"plumbing service leads",70,78.53,3,1,2,"plumbingwebmasters.com"
"plumbing work tools",70,0.49,3,1,89,"plumbingwebmasters.com"
"plumbing working tools",70,0.49,3,1,93,"plumbingwebmasters.com"
"sentences with plumber",70,0.00,3,1,48,"plumbingwebmasters.com"
"software for plumbing business",70,169.33,4,1,81,"plumbingwebmasters.com"
"software for plumbing company",70,109.70,4,1,50,"plumbingwebmasters.com"
"steve's waterworks plumbing reviews",70,0.00,4,1,6,"plumbingwebmasters.com"
"team plumbing west los angeles",70,0.00,5,1,20,"plumbingwebmasters.com"
"tools and equipments used in plumbing",70,0.00,6,1,44,"plumbingwebmasters.com"
"trends in plumbing",70,0.00,3,1,10,"plumbingwebmasters.com"
"trends in plumbing industry",70,5.37,4,1,4,"plumbingwebmasters.com"
"apps for plumbing business",50,24.82,4,1,65,"plumbingwebmasters.com"
"bad plumber meme",50,0.00,3,1,1,"plumbingwebmasters.com"
"bad plumbing meme",50,0.00,3,1,1,"plumbingwebmasters.com"
"best software for small plumbing business",50,64.27,6,1,71,"plumbingwebmasters.com"
"contractor referral program",50,19.53,3,1,74,"plumbingwebmasters.com"
"digital marketing for plumbers by online advantages",50,0.00,7,1,45,"plumbingwebmasters.com"
"dirty plumber memes",50,0.00,3,1,24,"plumbingwebmasters.com"
"drainmen plumbing inc",50,0.00,3,1,46,"plumbingwebmasters.com"
"funny plumber ads",50,0.00,3,1,51,"plumbingwebmasters.com"
"funny plumber advertising",50,0.00,3,1,8,"plumbingwebmasters.com"
"funny plumber cartoons",50,0.00,3,1,83,"plumbingwebmasters.com"
"funny plumbing ads",50,0.00,3,1,10,"plumbingwebmasters.com"
"funny plumbing cartoons",50,0.00,3,1,63,"plumbingwebmasters.com"
"good names for a plumbing company",50,1.94,6,1,77,"plumbingwebmasters.com"
"great plumbing company names",50,1.94,4,1,86,"plumbingwebmasters.com"
"growing a plumbing business",50,0.00,4,1,13,"plumbingwebmasters.com"
"horrible plumbing pictures",50,0.00,3,1,19,"plumbingwebmasters.com"
"how many plumbing companies in the us",50,0.00,7,1,2,"plumbingwebmasters.com"
"local seo for plumbing companies",50,0.00,5,1,5,"plumbingwebmasters.com"
"number of plumbers in the us",50,0.00,6,1,3,"plumbingwebmasters.com"
"plumber dad jokes",50,0.00,3,1,36,"plumbingwebmasters.com"
"plumber marketing leads",50,0.00,3,1,31,"plumbingwebmasters.com"
"plumber truck sitting on toilet",50,0.00,5,1,56,"plumbingwebmasters.com"
"plumbing business logo",50,2.99,3,1,49,"plumbingwebmasters.com"
"plumbing company names idea",50,2.72,4,1,94,"plumbingwebmasters.com"
"plumbing dad jokes",50,0.00,3,1,38,"plumbingwebmasters.com"
"plumbing leads for small business",50,76.76,5,1,10,"plumbingwebmasters.com"
"plumbing leads near me",50,73.99,4,1,10,"plumbingwebmasters.com"
"plumbing website examples",50,37.54,3,1,2,"plumbingwebmasters.com"
"professional plumbing & design",50,25.23,4,1,61,"plumbingwebmasters.com"
"professional plumbing and design",50,25.23,4,1,16,"plumbingwebmasters.com"
"small plumbing business software",50,0.00,4,1,49,"plumbingwebmasters.com"
"water damage lead generation companies",50,29.73,5,1,4,"plumbingwebmasters.com"
"what industry is plumbing considered",50,0.00,5,1,12,"plumbingwebmasters.com"
"creative plumbing ads",40,0.00,3,1,2,"plumbingwebmasters.com"
"dirty plumber jokes one liners",40,0.00,5,1,16,"plumbingwebmasters.com"
"dirty plumber jokes one-liners",40,0.00,4,1,17,"plumbingwebmasters.com"
"dirty plumber pick up lines",40,0.00,5,1,10,"plumbingwebmasters.com"
"dirty plumbing pick up lines",40,0.00,5,1,12,"plumbingwebmasters.com"
"email list of plumbers",40,0.00,4,1,19,"plumbingwebmasters.com"
"flexible plumber tool",40,0.00,3,1,81,"plumbingwebmasters.com"
"flexible plumbing tools",40,0.00,3,1,79,"plumbingwebmasters.com"
"flirty plumber jokes",40,0.00,3,1,49,"plumbingwebmasters.com"
"free water damage leads",40,10.18,4,1,6,"plumbingwebmasters.com"
"funny plumber sayings",40,0.55,3,1,1,"plumbingwebmasters.com"
"funny plumber truck",40,0.00,3,1,56,"plumbingwebmasters.com"
"funny plumbing fails",40,0.00,3,1,97,"plumbingwebmasters.com"
"funny plumbing videos",40,0.00,3,1,65,"plumbingwebmasters.com"
"funny sayings about plumbers",40,0.55,4,1,2,"plumbingwebmasters.com"
"i think you should leave plumber",40,0.00,6,1,65,"plumbingwebmasters.com"
"lead pipe meme",40,0.00,3,1,32,"plumbingwebmasters.com"
"most common plumbing tools",40,0.13,4,1,70,"plumbingwebmasters.com"
"new plumbing products",40,1.48,3,1,15,"plumbingwebmasters.com"
"nicknames for plumbers",40,0.00,3,1,43,"plumbingwebmasters.com"
"plumber birthday meme",40,0.00,3,1,50,"plumbingwebmasters.com"
"plumber crack jokes",40,0.00,3,1,11,"plumbingwebmasters.com"
"plumber fitting tools",40,0.53,3,1,72,"plumbingwebmasters.com"
"plumber gif funny",40,0.00,3,1,7,"plumbingwebmasters.com"
"plumber truck funny",40,0.00,3,1,61,"plumbingwebmasters.com"
"plumber wordpress themes",40,7.56,3,1,56,"plumbingwebmasters.com"
"plumbers birthday meme",40,0.00,3,1,15,"plumbingwebmasters.com"
"plumbers crack jokes",40,0.00,3,1,38,"plumbingwebmasters.com"
"plumbing business start up costs",40,8.68,5,1,86,"plumbingwebmasters.com"
"plumbing business start-up costs",40,8.68,4,1,80,"plumbingwebmasters.com"
"plumbing disaster gif",40,0.00,3,1,36,"plumbingwebmasters.com"
"plumbing machine tools",40,0.45,3,1,59,"plumbingwebmasters.com"
"plumbing service management software",40,131.74,4,1,70,"plumbingwebmasters.com"
"plumbing social media posts",40,28.54,4,1,3,"plumbingwebmasters.com"
"plumbing theme wordpress",40,7.56,3,1,75,"plumbingwebmasters.com"
"plumbing wordpress themes",40,7.56,3,1,59,"plumbingwebmasters.com"
"profitable plumbing business",40,0.00,3,1,51,"plumbingwebmasters.com"
"restoration digital marketing agency",40,0.00,4,1,82,"plumbingwebmasters.com"
"standing behind the plumber meme",40,0.00,5,1,29,"plumbingwebmasters.com"
"top plumbing companies in usa",40,0.00,5,1,13,"plumbingwebmasters.com"
"top plumbing tools",40,1.24,3,1,35,"plumbingwebmasters.com"
"unique plumbing tools",40,0.48,3,1,1,"plumbingwebmasters.com"
"westside plumbing fort worth",40,0.00,4,1,8,"plumbingwebmasters.com"
"westside plumbing fort worth tx",40,0.00,5,1,10,"plumbingwebmasters.com"
"westside plumbing in fort worth",40,0.00,5,1,7,"plumbingwebmasters.com"
"wordpress plumber theme",40,7.56,3,1,42,"plumbingwebmasters.com"
"youtube plumbing repair",40,2.15,3,1,64,"plumbingwebmasters.com"
"all plumber tools",30,0.53,3,1,69,"plumbingwebmasters.com"
"best brand for plumbing tools",30,1.08,5,1,90,"plumbingwebmasters.com"
"best sales automation for plumbing distributors",30,0.00,6,1,41,"plumbingwebmasters.com"
"biggest plumbing companies in the world",30,0.00,6,1,41,"plumbingwebmasters.com"
"business plan for plumbing company",30,9.69,5,1,7,"plumbingwebmasters.com"
"catchy hvac phrases",30,0.00,3,1,95,"plumbingwebmasters.com"
"creative plumbing advertising ideas",30,5.60,4,1,2,"plumbingwebmasters.com"
"damage restoration marketing",30,0.00,3,1,30,"plumbingwebmasters.com"
"dirty plumbing slogans",30,0.00,3,1,1,"plumbingwebmasters.com"
"electrical contractor taglines",30,0.00,3,1,86,"plumbingwebmasters.com"
"free plumbing website templates",30,9.60,4,1,66,"plumbingwebmasters.com"
"funny plumbing puns",30,0.00,3,1,5,"plumbingwebmasters.com"
"get plumbing quotes",30,57.29,3,1,46,"plumbingwebmasters.com"
"google local service ad login",30,1.44,5,1,71,"plumbingwebmasters.com"
"google reviews plumbers",30,12.88,3,1,2,"plumbingwebmasters.com"
"happy birthday plumber meme",30,0.00,4,1,38,"plumbingwebmasters.com"
"hot plumber meme",30,0.00,3,1,12,"plumbingwebmasters.com"
"how many licensed plumbers in the us",30,0.00,7,1,97,"plumbingwebmasters.com"
"how much can a plumbing business make",30,0.00,7,1,55,"plumbingwebmasters.com"
"how much does a plumbing business make",30,0.00,7,1,46,"plumbingwebmasters.com"
"how to find water damage leads",30,0.00,6,1,7,"plumbingwebmasters.com"
"how to get plumbing customers",30,48.24,5,1,10,"plumbingwebmasters.com"
"how to get water damage leads",30,19.70,6,1,9,"plumbingwebmasters.com"
"how to grow a plumbing company",30,22.86,6,1,17,"plumbingwebmasters.com"
"how to grow plumbing business",30,22.20,5,1,17,"plumbingwebmasters.com"
"hvac catch phrases",30,0.00,3,1,23,"plumbingwebmasters.com"
"latest plumbing tools",30,0.36,3,1,13,"plumbingwebmasters.com"
"local plumbers directory",30,5.20,3,1,10,"plumbingwebmasters.com"
"local plumbing directory",30,5.20,3,1,7,"plumbingwebmasters.com"
"online plumbing quotes",30,30.66,3,1,53,"plumbingwebmasters.com"
"pay per call plumbing leads",30,24.69,5,1,15,"plumbingwebmasters.com"
"plumber business ideas",30,0.00,3,1,4,"plumbingwebmasters.com"
"plumber crack pants",30,0.00,3,1,51,"plumbingwebmasters.com"
"plumber funny memes",30,0.00,3,1,1,"plumbingwebmasters.com"
"plumber meme gif",30,0.00,3,1,9,"plumbingwebmasters.com"
"plumber pants commercial",30,0.00,3,1,81,"plumbingwebmasters.com"
"plumber related words",30,0.00,3,1,80,"plumbingwebmasters.com"
"plumber website template free",30,9.60,4,1,75,"plumbingwebmasters.com"
"plumber write for us",30,0.00,4,1,3,"plumbingwebmasters.com"
"plumbers email list",30,0.00,3,1,17,"plumbingwebmasters.com"
"plumbers funny memes",30,0.00,3,1,1,"plumbingwebmasters.com"
"plumbing business equipment",30,0.00,3,1,33,"plumbingwebmasters.com"
"plumbing business ideas",30,0.00,3,1,4,"plumbingwebmasters.com"
"plumbing company business plan",30,9.69,4,1,17,"plumbingwebmasters.com"
"plumbing fails pictures",30,0.00,3,1,15,"plumbingwebmasters.com"
"plumbing flyer ideas",30,0.00,3,1,49,"plumbingwebmasters.com"
"plumbing funny memes",30,0.00,3,1,1,"plumbingwebmasters.com"
"plumbing inventory management software",30,631.32,4,1,38,"plumbingwebmasters.com"
"plumbing job leads",30,13.19,3,1,4,"plumbingwebmasters.com"
"plumbing names not taken",30,3.59,4,1,25,"plumbingwebmasters.com"
"plumbing repair images",30,0.00,3,1,84,"plumbingwebmasters.com"
"plumbing service software system",30,0.00,4,1,87,"plumbingwebmasters.com"
"plumbing tool brands",30,0.00,3,1,62,"plumbingwebmasters.com"
"plumbing tool manufacturers",30,1.11,3,1,72,"plumbingwebmasters.com"
"plumbing tools brands",30,0.00,3,1,61,"plumbingwebmasters.com"
"plumbing tools manufacturer",30,1.11,3,1,91,"plumbingwebmasters.com"
"plumbing tools manufacturers",30,1.11,3,1,79,"plumbingwebmasters.com"
"plumbing write for us",30,0.00,4,1,2,"plumbingwebmasters.com"
"quotes for plumbing work",30,22.66,4,1,2,"plumbingwebmasters.com"
"restoration company seo lead generation",30,0.00,5,1,27,"plumbingwebmasters.com"
"restoration marketing companies",30,113.01,3,1,33,"plumbingwebmasters.com"
"rich plumber meme",30,0.00,3,1,1,"plumbingwebmasters.com"
"sunset west plumbing & rooter inc",30,0.00,6,1,7,"plumbingwebmasters.com"
"tools for plumbing work",30,0.52,4,1,55,"plumbingwebmasters.com"
"waterworks plumbing company",30,0.00,3,1,50,"plumbingwebmasters.com"
"what industry is plumbing in",30,0.00,5,1,59,"plumbingwebmasters.com"
"what license do i need to start a plumbing business",30,19.26,10,1,4,"plumbingwebmasters.com"
"what rhymes with plumber",30,0.00,4,1,21,"plumbingwebmasters.com"
"best new plumbing tools",20,0.74,4,1,2,"plumbingwebmasters.com"
"chris fresh plumbing",20,0.00,3,1,12,"plumbingwebmasters.com"
"plumber jokes meme",20,0.00,3,1,1,"plumbingwebmasters.com"
"plumbing business app",20,38.91,3,1,89,"plumbingwebmasters.com"
"plumbing business apps",20,38.91,3,1,45,"plumbingwebmasters.com"
"plumbing leads for plumbers",20,0.00,4,1,2,"plumbingwebmasters.com"
"restoration lead generation",20,15.30,3,1,26,"plumbingwebmasters.com"
"what industry does plumbing fall under",20,0.00,6,1,4,"plumbingwebmasters.com"