rank,domain,keywords_found_in,total_appearances,avg_position,sample_title,sample_url
1,"reddit.com",22,22,4.7,"Marketing for plumbing service and repair business.","https://www.reddit.com/r/smallbusiness/comments/151n23n/marketing_for_plumbing_service_and_repair_business/"
2,"thriveagency.com",13,13,5.9,"12 Best Plumbing Marketing Companies in 2026","https://thriveagency.com/news/best-plumbing-marketing-companies/"
3,"plumberseo.net",13,13,4.9,"Plumbing & HVAC SEO: Digital Marketing for Plumbing, HVAC ...","https://www.plumberseo.net/"
4,"servicetitan.com",13,14,6.8,"Plumbing Marketing Guide: 16 Tips to Grow Your Business","https://www.servicetitan.com/blog/plumbing-marketing"
5,"bluecorona.com",12,12,8.7,"Plumber Marketing Services","https://www.bluecorona.com/digital-marketing/plumbing/"
6,"scorpion.co",11,11,4.4,"Plumbing Marketing & Advertising Services - Scorpion","https://www.scorpion.co/plumbing/"
7,"strictlyplumbers.com",11,11,7.5,"Strictly Plumbers: Expert Marketing Strategies for Plumbers","https://www.strictlyplumbers.com/"
8,"hookagency.com",10,10,13.6,"8 Best Plumbing Marketing Agencies For Results","https://hookagency.com/blog/plumbing-marketing-agencies/"
9,"1seo.com",10,11,8.0,"Plumber SEO services that will get you discovered online","https://1seo.com/seo-services/plumbers-seo/"
10,"plumbermarketingfirm.com",9,9,4.8,"Plumber Marketing Company - Digital Marketing Agency For ...","https://www.plumbermarketingfirm.com/"
11,"plumbingwebmasters.com",9,10,10.5,"HVAC-Plumber SEO Webmasters: #1 Plumbing SEO Company","https://www.plumbingwebmasters.com/"
12,"housecallpro.com",9,9,9.4,"SEO for Plumbers: 2026 Guide to Rank Higher & Get More ...","https://www.housecallpro.com/resources/plumbing-business-seo/"
13,"relentless-digital.com",8,8,10.6,"Plumbing, Electrical, HVAC Marketing - Relentless Digital","https://www.relentless-digital.com/"
14,"jdplumbingpartners.com",6,6,8.2,"JD Plumbing Partners | Internet Marketing for Plumbers","https://jdplumbingpartners.com/"
15,"rivaldigital.com",6,6,9.8,"Digital Marketing & Web Design for Plumbing Companies","https://rivaldigital.com/industries/plumbing/"
16,"youtube.com",5,7,11.6,"Marketing For Your Plumbing Company - SEO","https://www.youtube.com/watch?v=pl3UrAfrENg"
17,"bird.marketing",5,5,9.2,"Plumbing Digital Marketing Agency","https://bird.marketing/plumbing/"
18,"mammothforplumbers.com",5,6,7.7,"Grow Your Plumbing Business with Mammoth Marketing ...","https://www.mammothforplumbers.com/"
19,"choicelocal.com",5,5,8.0,"Plumber Marketing","https://choicelocal.com/home-services-marketing/plumber-marketing/"
20,"thryv.com",5,6,12.0,"14 Plumber Marketing Ideas for Small Businesses","https://www.thryv.com/blog/plumbers-guide-online-marketing/"
21,"helium-seo.com",5,6,10.3,"Effective SEO for Plumbing Companies: Top Tips to Boost ...","https://helium-seo.com/blog/seo-for-plumbing-companies/"
22,"simprogroup.com",5,5,7.8,"10 Brilliantly Designed Websites for Plumbers: Examples & ...","https://www.simprogroup.com/blog/plumbing-websites"
23,"valveandmeter.com",5,5,13.0,"22 Best Plumber Website Designs - 2024","https://valveandmeter.com/blog/marketing/plumbing/plumber-website-design/"
24,"getweave.com",4,4,5.5,"Top 10 Plumbing Marketing Ideas","https://www.getweave.com/plumbing-marketing-ideas/"
25,"fieldedge.com",4,4,4.8,"Plumber Marketing: The Ultimate 10-Step Guide","https://fieldedge.com/blog/plumber-marketing/"
26,"podium.com",4,4,8.0,"16 Plumber Marketing: 16 Ideas, Tips and Slogans","https://www.podium.com/article/plumber-marketing"
27,"facebook.com",4,4,6.8,"Plumbing & HVAC SEO | Pembroke Pines FL","https://www.facebook.com/Plumberseo/"
28,"seo.co",4,4,7.8,"SEO for Plumbers | Plumber SEO Agency","https://seo.co/plumbers/"
29,"getjobber.com",4,4,14.0,"SEO for Plumbers: 9 Easy Tips to Help Customers Find ...","https://www.getjobber.com/academy/plumbing/seo-for-plumbers/"
30,"rankmetop.net",4,4,16.3,"SEO Company for Plumbers","https://rankmetop.net/services/seo/"
31,"wix.com",4,4,7.0,"Plumbing Website Templates","https://www.wix.com/website/templates/refine/plumbing"
32,"leaseawebsite.co",4,5,11.8,"Professional Plumbing Website Design from $39/mo.","https://www.leaseawebsite.co/plumbing-services-website-design-company"
33,"webnode.com",4,4,11.8,"Build a Plumbing Website That Grows Your Business","https://www.webnode.com/blog/how-to-build-plumbing-website/"
34,"solvismedia.com",4,4,14.8,"Plumbing Company Website Design Agency","https://solvismedia.com/plumbing-website-design/"
35,"vdigitalservices.com",3,3,10.3,"15 Plumber & HVAC Marketing Tips and Plumbing Strategies","https://www.vdigitalservices.com/plumber-hvac-marketing-tips-plumbing-marketing-strategies/"
36,"anytimedigitalmarketing.com",3,4,10.0,"Plumbing Digital Marketing Agency","https://anytimedigitalmarketing.com/plumbing-digital-marketing-agency/"
37,"forbes.com",3,4,7.3,"SEO For Plumbers: Grow Your Plumbing Business With ...","https://www.forbes.com/councils/forbesagencycouncil/2019/02/01/seo-for-plumbers-grow-your-plumbing-business-with-search-engine-optimization/"
38,"ewrdigital.com",3,3,11.3,"Expert Plumbing SEO Services | Dominate Online Searches","https://www.ewrdigital.com/industries/contractor-marketing-services/plumbing-marketing-agency/plumber-seo-services"
39,"revved.digital",3,3,19.0,"SEO Agency for Plumbers","https://revved.digital/industries/seo-for-home-services/plumber-seo-agency/"
40,"dribbble.com",3,3,2.0,"Plumbing Website","https://dribbble.com/tags/plumbing-website"
41,"webflow.com",3,3,7.0,"Best Plumbing Websites | Free Examples & Designs","https://webflow.com/made-in-webflow/plumbing"
42,"pinterest.com",3,3,9.3,"26 Plumbing Website Inspiration and Design ideas","https://www.pinterest.com/esjayenmarketing/plumbing-website-inspiration-and-design/"
43,"contractorgorilla.com",3,3,5.3,"Best Plumbing Websites for 2026 | 18 Plumber Sites with ...","https://contractorgorilla.com/blog/best-plumbing-websites/"
44,"workiz.com",3,3,15.3,"5 of the Best Plumbing Websites to Inspire Your Company","https://www.workiz.com/blog/plumbing/5-of-the-best-websites-for-plumbing-companies-to-get-inspired-by/"
45,"lemonadestand.org",3,3,15.3,"Plumber Marketing | Google Ads | Get Online Leads Today","https://www.lemonadestand.org/specialties/plumber-marketing-services/"
46,"realtimemarketing.com",3,3,10.3,"Digital Marketing for Plumbers","https://realtimemarketing.com/who-we-help/digital-marketing-for-plumbers/"
47,"youtechagency.com",3,3,18.3,"Plumbing Marketing | SEO, PPC, & Advertising Services","https://www.youtechagency.com/home-services/plumbing-marketing/"
48,"silverbackstrategies.com",2,2,12.5,"Best Digital Marketing Agencies for Plumbing Brands","https://www.silverbackstrategies.com/lists/best-digital-marketing-agencies-for-plumbing-brands/"
49,"leadhub.net",2,2,19.5,"Plumber Marketing - Your Industry Partner - Leadhub","https://www.leadhub.net/industries/plumbing/"
50,"geekpoweredstudios.com",2,2,14.5,"Austin's #1 Digital Marketing Agency for Plumbers","https://www.geekpoweredstudios.com/home-services/plumbing"
51,"onthemap.com",2,2,17.0,"Plumbing Digital Marketing Agency","https://www.onthemap.com/plumber-digital-marketing-agency/"
52,"plumbermarketing.com",2,2,6.0,"Plumber Marketing | Plumbing Marketing and Advertising ...","https://plumbermarketing.com/"
53,"gomarketing.com",2,2,7.0,"Plumber Marketing - GoMarketing Blogs","https://gomarketing.com/articles/plumber-marketing/"
54,"thinkstrategic.com",2,2,16.0,"How Plumber Marketing Can Help Your Plumbing Business","https://thinkstrategic.com/how-plumber-marketing-can-help-your-plumbing-business/"
55,"linkedin.com",2,2,15.5,"Plumber Marketing USA","https://www.linkedin.com/company/plumber-marketing-usa"
56,"themediacaptain.com",2,2,16.0,"Plumbing SEO Guide: Dominate Local Search","https://www.themediacaptain.com/guides/seo-plumbers/"
57,"causalfunnel.com",2,2,7.5,"SEO for Plumbers: Best Practices to Outrank Competitors","https://www.causalfunnel.com/blog/seo-for-plumbers-best-practices-to-outrank-competitors/"
58,"business.yelp.com",2,2,10.5,"SEO for plumbers: 6 ways to boost your online presence","https://business.yelp.com/resources/articles/plumber-seo/?domain=local-business"
59,"iboostweb.com",2,2,14.0,"SEO for Plumbers","https://www.iboostweb.com/seo-for-plumbers"
60,"macrodigitalmedia.com",2,2,16.0,"5 Local SEO Strategies for Plumbers to Get More Customers","https://macrodigitalmedia.com/blog/local-seo-strategies-for-plumbers/"
61,"flamingoagency.com",2,2,14.5,"SEO for Plumbers: Guide to Affordable SEO Services [2026]","https://www.flamingoagency.com/blog/seo-for-plumbers/"
62,"webfx.com",2,3,12.7,"SEO for Plumbers: The Busy Plumber's Quick Guide to SEO","https://www.webfx.com/blog/home-services/plumber-seo-guide/"
63,"straightnorth.com",2,2,9.0,"Plumbing SEO Services Company, Agency","https://www.straightnorth.com/plumber-seo-company/"
64,"rooter.marketing",2,2,12.5,"Plumber SEO Services","https://www.rooter.marketing/services/plumber-seo"
65,"embarque.io",2,2,9.5,"Top 7 Plumber SEO Agencies Fixing Your Online Rankings ...","https://www.embarque.io/post/plumber-seo-agency"
66,"gatorworks.net",2,2,10.5,"Best Local SEO Strategies for HVAC, Plumbing, & Roofing ...","https://gatorworks.net/best-local-seo-home-services-companies/"
67,"behance.net",2,2,15.0,"Plumbing Website Projects","https://www.behance.net/search/projects/plumbing%20website?locale=en_US"
68,"framer.com",2,2,11.5,"Plumbing: Free Real Estate Website Template by Expressed","https://www.framer.com/marketplace/templates/plumbing-contractor-local-service-template/"
69,"sitebuilderreport.com",2,2,9.0,"Plumbing Websites: 25+ Inspiring Examples (2025)","https://www.sitebuilderreport.com/inspiration/plumbing-websites"
70,"linknow.com",2,2,13.0,"Plumbing Website Design | LNM","https://linknow.com/blog/affordable-website-design/plumbing-website-design/"
71,"webtricity.com",2,2,6.0,"Plumbing Websites - Professional & Affordable","https://www.webtricity.com/plumbing-websites"
72,"hibu.com",2,2,10.5,"Marketing For Plumbers","https://hibu.com/who-we-help/home-services/plumbers"
73,"getsiimple.com",2,2,5.5,"Create a Simple Plumber Website","https://getsiimple.com/for-plumbers/"
74,"eightysix.digital",2,2,15.0,"Web Design for Plumbers from $750","https://eightysix.digital/web-design/web-design-for-plumbers/"
75,"rynoss.com",2,2,17.5,"Digital Marketing for Plumbers | Plumbing Marketing","https://rynoss.com/industries/plumbing/"
76,"softtrix.com",2,2,15.0,"Top Plumber PPC Company | PPC Experts for Plumbers","https://www.softtrix.com/plumber-ppc/"
77,"redesign.co",2,2,14.5,"Plumbing PPC Services | PPC Management","https://redesign.co/ppc-agency/plumbing/"
78,"grownearby.com",2,2,10.0,"PPC Marketing for Plumbers: Maximizing Leads and ROI","https://www.grownearby.com/blog/ppc-marketing-for-plumbers/"
79,"clicksgeek.com",2,2,12.0,"Google Ads for Plumbers l PPC for Plumbing Companies","https://clicksgeek.com/google-ads-plumbers/"
80,"ciwebgroup.com",2,2,6.5,"Stop Draining Your Budget: Finding the Best Plumbing ...","https://www.ciwebgroup.com/blog/plumbing-lead-generation-ultimate-guide"
81,"dolead.com",2,2,11.5,"How to Attract High-Intent Clients and Grow Your Business","https://www.dolead.com/growth-hub/plumbing-lead-generation-how-to-attract-high-intent-clients-and-grow-your-business"
82,"rsmconnect.com",2,2,3.5,"Plumbing Contractor Local SEO Services","https://rsmconnect.com/blog/plumbing-contractor-local-seo-services-a-comprehensive-guide/"
83,"orderry.com",2,2,8.5,"9 Plumbing Marketing Ideas","https://orderry.com/blog/plumbing-marketing/"
84,"contractormarketingpros.net",1,1,9.0,"5 Plumbing Marketing Agencies - Contractor Marketing Pros","https://contractormarketingpros.net/blog/5-plumbing-marketing-agencies/"
85,"blog.servicedirect.com",1,1,15.0,"5 Top Plumber Marketing Agencies for 2024","https://blog.servicedirect.com/5-top-plumber-marketing-agencies"
86,"fasthippomedia.com",1,1,14.0,"Plumber Digital Marketing Agency | SEO & ...","https://fasthippomedia.com/plumber-digital-marketing-agency/"
87,"builtrightdigital.com",1,1,15.0,"Plumber Marketing Agency","https://builtrightdigital.com/plumbers/"
88,"emaximize.com",1,1,17.0,"Digital Marketing & SEO For Plumbers - eMaximize","https://emaximize.com/digital-marketing/successful-marketing-for-plumbers/"
89,"click4corp.com",1,1,18.0,"Plumbing Digital Marketing Agency","https://www.click4corp.com/industries-we-serve/home-services/plumbing-digital-marketing-agency/"
90,"go.plumbermarketingusa.com",1,1,8.0,"Plumber Marketing USA","https://go.plumbermarketingusa.com/"
91,"business.nextdoor.com",1,1,11.0,"Top 7 Strategies for Plumbing Marketing Success","https://business.nextdoor.com/en-us/blog/top-marketing-strategies-for-plumbers"
92,"instagram.com",1,1,10.0,"Plumbing & HVAC SEO (@plumberseo)","https://www.instagram.com/plumberseo/"
93,"comradeweb.com",1,1,16.0,"15 Best Plumbing SEO Companies in 2026 — Strongest ROI","https://comradeweb.com/blog/best-plumbing-seo-companies/"
94,"rivalmind.com",1,1,18.0,"Plumber SEO Services | Get Discovered in Your Area","https://www.rivalmind.com/seo-by-industry/plumber-seo"
95,"townsquareinteractive.com",1,2,8.0,"10 Essential SEO Tips for Plumbers to Boost Online ...","https://www.townsquareinteractive.com/blog/seo-for-plumbers/"
96,"hellodigital.ie",1,1,14.0,"SEO for plumbers - Hello Digital","https://www.hellodigital.ie/blog/seo-for-plumber"
97,"apexaimarketing.com",1,1,16.0,"Local SEO for Plumbers: Best Free Guide! (2025)","https://apexaimarketing.com/local-seo-for-plumbers/"
98,"checkatrade.com",1,1,18.0,"SEO for Plumbers - SEO Tips and Tricks","https://www.checkatrade.com/blog/trade/marketing/seo-for-plumbers/"
99,"digitallogic.co",1,2,10.0,"Boost Your Plumbing Business With Plumber SEO Strategies","https://www.digitallogic.co/plumbing-marketing-services/plumber-seo/"
100,"seooneclick.com",1,1,10.0,"Best HVAC & Plumbing SEO Company | One Click Marketing","https://seooneclick.com/plumbing-hvac-digital-marketing/"
101,"periscopemedia.co",1,1,18.0,"Plumber SEO Agency | SEO for Plumbing Contractors","https://www.periscopemedia.co/seo/plumber-seo"
102,"scriptablesolutions.com",1,1,17.0,"plumber web design company","https://www.scriptablesolutions.com/plumber-web-design-services"
103,"mayecreate.com",1,1,11.0,"Best Plumbing Website Designs","https://mayecreate.com/blog/best-plumbing-website-designs/"
104,"themeforest.net",1,1,20.0,"Plumbing Website Templates","https://themeforest.net/search/plumbing?srsltid=AfmBOopNhaA3PMFuVILFBsjalEKnDHxCqrrVEe-xqCBWVSMr7Qc6CJ9j"
105,"mrrooter.com",1,1,5.0,"Mr. Rooter Plumbing: Plumbing & Drain Cleaning Services ...","https://www.mrrooter.com/"
106,"plumbingweb.com",1,1,6.0,"PlumbingWeb.com - Connecting the world of plumbing one ...","https://plumbingweb.com/"
107,"brilliant.digital",1,1,14.0,"Affordable Websites for Plumbers | Brilliant Digital","https://brilliant.digital/websites-for-plumbers"
108,"buildops.com",1,1,16.0,"Plumbing Websites","https://buildops.com/resources/plumbing-websites/"
109,"jkmgrp.com",1,1,17.0,"Websites for Plumbers & HVAC | JK Marketing Group JKMG","https://www.jkmgrp.com/websites-for-plumbers-hvac"
110,"answerforce.com",1,1,18.0,"The 10 best plumbing websites you need to check out","https://www.answerforce.com/blog/the-best-plumbing-websites-you-need-to-check-out/"
111,"webdesignforplumbers.digital",1,1,7.0,"Web Design for Plumbers - Website Design for Plumbers","https://webdesignforplumbers.digital/"
112,"clutchcreativeco.com",1,1,11.0,"Web Design for Plumbers - Get a Free Estimate","https://www.clutchcreativeco.com/web-design-for-plumbers/"
113,"cybernauticdesign.com",1,1,12.0,"Web Designers for Plumbers","https://www.cybernauticdesign.com/web-design/contractor-website-designers/web-designers-for-plumbers"
114,"clapcreative.com",1,1,15.0,"Plumber website design services","https://www.clapcreative.com/plumber-web-design-services/"
115,"blakemdesigns.com",1,1,17.0,"Website Design for Plumbing Companies","https://blakemdesigns.com/website-design-for-plumbing-companies/"
116,"newmedia.com",1,1,18.0,"Plumber Web Design That Brings Leads","https://newmedia.com/digital-marketing-services/plumbers-web-design"
117,"callrail.com",1,1,1.0,"20 Plumber Advertising Examples & Why They Work","https://www.callrail.com/blog/effective-plumber-advertising-examples"
118,"tegna.com",1,1,4.0,"Plumber Advertising: 10 Ideas and Tips","https://www.tegna.com/advertise/plumber-advertising"
119,"zeely.ai",1,1,15.0,"Plumber advertising that works: Examples, strategy, and copy","https://zeely.ai/blog/plumber-advertising-that-works/"
120,"geminiams.com",1,1,5.0,"[Infographic] Digital Marketing Tips for Plumbers","https://geminiams.com/insights/digital-marketing-plumbers/"
121,"firstcitizens.com",1,1,16.0,"Digital marketing for plumbers: Top tools for marketing your ...","https://www.firstcitizens.com/small-business/insights/skilled-trades/digital-marketing-for-plumbers"
122,"w3solved.com",1,1,17.0,"Digital Marketing for Plumbers: How to Get More Calls and ...","https://w3solved.com/digital-marketing/digital-marketing-for-plumbers/"
123,"for-traders.which.co.uk",1,1,19.0,"Digital Marketing for Plumbers | Which? Trusted Traders","https://for-traders.which.co.uk/advice/digital-marketing-for-plumbers/"
124,"amazon.com",1,1,3.0,"Internet Marketing for Plumbing & HVAC Contractor: How ...","https://www.amazon.com/Internet-Marketing-Plumbing-HVAC-Contractor/dp/1703379969"
125,"lyfemarketing.com",1,1,4.0,"Internet Marketing For Plumbers","https://www.lyfemarketing.com/industries/internet-marketing-for-plumbers/"
126,"fieldpulse.com",1,1,11.0,"Digital Marketing for Plumbers: Top Strategies to Boost ...","https://www.fieldpulse.com/resources/blog/digital-marketing-plumbers"
127,"alecanmarketing.com",1,1,14.0,"Plumber Marketing Agency | Expert Internet Marketing","https://alecanmarketing.com/industry/plumber-internet-marketing/"
128,"businessnucleus.com",1,1,16.0,"Digital Marketing for Plumbers | Plumbing Contractors","https://businessnucleus.com/digital-marketing-for-plumbers/"
129,"black-n-orange.com",1,1,19.0,"Plumbing Marketing Agency | Digital Marketing Services for ...","https://www.black-n-orange.com/plumbing-marketing-agency"
130,"strategybeam.com",1,1,12.0,"Plumber PPC Guide That Actually Gets You More Leads","https://www.strategybeam.com/blog/plumber-ppc/"
131,"1ppc.com",1,1,14.0,"Plumbing Piping & Construction, Inc.: PPC","https://1ppc.com/"
132,"onpurposemedia.com",1,1,18.0,"Plumbing PPC & Google Ads","https://onpurposemedia.com/plumbing/plumbing-ppc/"
133,"cmglocalsolutions.com",1,1,19.0,"Plumbing PPC Marketing Increases Your Inbound Leads","https://www.cmglocalsolutions.com/blog/plumbing-ppc-marketing-increases-your-inbound-leads"
134,"ppc.co",1,2,13.0,"PPC Tips to Help Plumbers Get Real Leads Without ...","https://ppc.co/blog/pay-per-click-lead-generation-tips-for-plumbers"
135,"company119.com",1,1,11.0,"Do Plumbers Need PPC?","https://www.company119.com/insights/do-plumbers-need-ppc/"
136,"business.google.com",1,2,10.0,"Reach Local Customers with Local Service Ads","https://business.google.com/us/ad-solutions/local-service-ads/"
137,"invisibleppc.com",1,1,5.0,"5 Google Ppc Ad Hacks For Plumbers Hvac Companies","https://invisibleppc.com/blog/5-google-ppc-ad-hacks-for-plumbers-hvac-companies"
138,"growmeo.com",1,1,10.0,"Google Ads For Plumbers | View Case Studies. No Contracts","https://growmeo.com/google-ads-for-plumbers/"
139,"rescuemarketing.co",1,1,11.0,"Google Ads For Plumbers","https://rescuemarketing.co/home-services/plumber-marketing/google-ads-for-plumbers/"
140,"lira.agency",1,1,13.0,"Google Ads for Plumbers: Ultimate Guide - Lira Agency","https://lira.agency/blog/google-ads-for-plumbers-guide"
141,"manticoremarketing.com",1,1,14.0,"Google Ads for Plumbers: A Comprehensive Guide","https://www.manticoremarketing.com/blog/google-ads-for-plumbers-a-comprehensive-guide"
142,"peakdistrictseo.co.uk",1,1,15.0,"Google Ads for Plumbers – Case Study","https://peakdistrictseo.co.uk/google-ads-plumber-website/"
143,"tradiewebguys.com.au",1,1,16.0,"The Unbelievable Business Benefits Of Google Ads","https://www.tradiewebguys.com.au/the-unbelievable-business-benefits-of-google-ads-for-plumbers/"
144,"tmdmktg.com",1,1,18.0,"5 Google Ads Tricks Plumbers & HVAC Companies Can ...","https://tmdmktg.com/google-ads-for-plumbers/"
145,"marketing360.com",1,1,1.0,"Social Media for Plumbers","https://www.marketing360.com/plumber-social-media"
146,"sharkbite.com",1,1,3.0,"6 Ways Plumbers Can Use Social Media to Support Their ...","https://www.sharkbite.com/us/en/resources/blog/industry-insights/for-the-pro/6-ways-plumbers-can-use-social-media-to-support-their-business"
147,"imarketsolutions.com",1,1,4.0,"Top 5 Social Media Strategies for Plumbers","https://www.imarketsolutions.com/blog/top-5-social-media-strategies-for-plumbers"
148,"plumbermag.com",1,1,7.0,"A Brief Guide to Social Media for Plumbers and Drain ...","https://www.plumbermag.com/blog/2022/03/a-brief-guide-to-social-media-for-plumbers-and-drain-cleaners-in-2022_sc_01f8j"
149,"gasengineersoftware.co.uk",1,1,15.0,"The Easy Guide To Social Media For Plumbers & Heating ...","https://gasengineersoftware.co.uk/blog/social-media-guide-for-plumbers/"
150,"mintconditionhq.co",1,1,17.0,"The Best Social Media Platforms for Plumbers, Electricians, ...","https://www.mintconditionhq.co/post/the-best-social-media-platforms-for-plumbers-electricians-and-hvac-pros"
151,"servicedirect.com",1,1,1.0,"Plumbing Leads Near You","https://servicedirect.com/plumbing-leads/"
152,"99calls.com",1,1,3.0,"Plumbing Leads - Exclusive, Qualified Starting Under $34","https://99calls.com/Plumbing-Leads.htm"
153,"33mileradius.com",1,1,7.0,"Exclusive Plumbing Leads for Plumbers","https://www.33mileradius.com/plumbing-leads/"
154,"wearetg.com",1,1,9.0,"How to Generate a Steady Flow of Leads for Plumbers","https://www.wearetg.com/blog/plumbing-leads/"
155,"resultcalls.com",1,1,11.0,"Exclusive Pay Per Call Plumbing Leads","https://resultcalls.com/solutions/plumbing-leads"
156,"birdeye.com",1,1,18.0,"Pipeline to success: 14 plumbing lead generation ideas","https://birdeye.com/blog/plumbing-lead-generation-strategy/"
157,"hughesmedia.us",1,1,7.0,"Plumbing & HVAC SEO: Plumbing Marketing Agency","https://www.hughesmedia.us/plumbing-marketing-agency/"
158,"plumbermarketingusa.com",1,1,9.0,"Plumber Marketing Strategies: Boost Your Business Online","https://plumbermarketingusa.com/"
159,"servicelifter.com",1,1,15.0,"The #1 Plumbing Marketing and SEO Service","https://servicelifter.com/plumbing-marketing/"
160,"leadmarketingstrategies.com",1,1,16.0,"Plumbers Marketing Marketing Services","https://www.leadmarketingstrategies.com/industries/plumbers-marketing/"
161,"brandlyft.io",1,1,14.0,"Plumber Digital Marketing Agency -","https://brandlyft.io/industries/plumber-digital-marketing-agency/"
162,"elit-web.com",1,1,19.0,"Plumber Digital Marketing Agency","https://elit-web.com/plumber-digital-marketing-agency/"
163,"localmighty.com",1,1,3.0,"Local SEO for Plumbers: The Complete 2026 ...","https://www.localmighty.com/blog/local-seo-for-plumbers/"
164,"getresq.com",1,1,4.0,"Local SEO for Plumbers: How to Rank in Google and Book ...","https://www.getresq.com/nora/nora-blog/local-seo-for-plumbing-companies-how-to-rank-in-google-and-win-more-commercial-jobs"
165,"greenbananaseo.com",1,2,9.5,"Local SEO for Plumbers","https://greenbananaseo.com/local-seo-for-plumbers/"
166,"pmmag.com",1,1,6.0,"Marketing Magic: 8 local SEO tips for plumbing and ...","https://www.pmmag.com/articles/103598-marketing-magic-8-local-seo-tips-for-plumbing-and-mechanical-contractors"
167,"almcorp.com",1,1,7.0,"The Ultimate Guide to Local SEO for Plumbers","https://almcorp.com/blog/local-seo-for-plumbers-ultimate-guide-updated-nov-2025/"
168,"lmh.agency",1,1,9.0,"Our Local SEO for Plumbers","https://lmh.agency/plumbing-digital-marketing/local-seo-2/"
169,"designspartans.com",1,1,12.0,"SEO for Plumbers: Local Rankings That Convert","https://designspartans.com/seo-for-plumbers/"
170,"optimizeaim.com",1,1,13.0,"Local SEO for Plumbers | OptimizeAim","https://optimizeaim.com/local-seo-for-plumbers/"
171,"zenchange.com",1,1,15.0,"Local SEO for Plumbers: The Ultimate Guide to High- ...","https://zenchange.com/local-seo-for-plumbers-the-ultimate-guide-to-high-ranking-service-area-pages"
172,"gogoodjuju.com",1,1,20.0,"Plumber SEO Services for More Calls & Local Visibility","https://gogoodjuju.com/plumbing-marketing-agency/plumber-seo/"
173,"plumbingmarketing.net",1,1,16.0,"Plumbing Marketing Podcast : Tips, Ideas & Strategies for ...","https://plumbingmarketing.net/"
174,"butternut.ai",1,1,4.0,"Best AI Website Builder for Plumbing Service business in ...","https://www.butternut.ai/businesses/free-ai-website-builder-for-plumbing-services"
175,"replit.com",1,1,6.0,"AI Plumber Website Builder | Create for Free","https://replit.com/build/plumber-website-builder"
176,"weblium.com",1,1,9.0,"Free Plumbing Website Builder | Weblium","https://weblium.com/plumbing-website-builder"
177,"pineapplebuilder.com",1,1,12.0,"How to Generate a Plumbing Website with AI","https://www.pineapplebuilder.com/industries/plumbing/website/how-to-generate-plumbing-website-with-ai"
178,"turncage.com",1,1,15.0,"How to Make a Website For a Plumber","https://turncage.com/make-a-website-for-a-plumber/"
179,"gmbranger.com",1,1,4.0,"Plumber Reputation Management","https://gmbranger.com/blog/plumber-reputation-management/"
180,"servicehawk.io",1,1,5.0,"Reputation Management For Home Service Contractors","https://servicehawk.io/reputation-management"
181,"plumbingowners.com",1,1,6.0,"Reputation Management - Plumb Solutions","https://plumbingowners.com/product/reputation-management/"
182,"topmarketingagency.com",1,1,7.0,"Plumbing & Plumber Reputation Management","https://topmarketingagency.com/plumbing-company-reputation-management/"
183,"onlinepresencemanager.com",1,1,8.0,"Online Reputation Management for Plumbers | Plumber ORM","https://onlinepresencemanager.com/reputation-management-plumbers/"
184,"eckcreativemedia.com",1,1,9.0,"Reputation Management for Plumbers - Eck Creative Media","https://eckcreativemedia.com/services/reputation-management/reputation-management-for-plumbers"
185,"streamlinecrm.com",1,2,12.0,"Software for Plumbers","https://streamlinecrm.com/software-for-plumbers/"
186,"solitudemarketing.com",1,1,11.0,"What to Do When a Plumbing Job Goes Wrong: Reputation ...","https://solitudemarketing.com/articles/what-to-do-when-a-plumbing-job-goes-wrong-reputation-recovery-strategies/"
187,"freshreview.co",1,1,12.0,"Online Reputation Management for Plumbing Companies","https://www.freshreview.co/for/plumbing-services-review-management-software"
188,"erase.com",1,1,13.0,"Online Reputation Management Services for Plumbers","https://www.erase.com/reputation-management/contractors/plumber/"
189,"fieldax.com",1,1,15.0,"Importance of Online Reviews & Reputation Management ...","https://www.fieldax.com/blog/the-importance-of-online-reviews-and-reputation-management-for-plumbers/"
190,"reviewinc.com",1,1,16.0,"Home Services Reputation Management for Rankings","https://reviewinc.com/industry-home-services-reputation/"
191,"reputationresponse.com",1,1,17.0,"Plumbing Reputation Management | HVAC Reputation ...","https://www.reputationresponse.com/"
192,"localvortexmedia.com",1,1,18.0,"Reputation Management for Plumbers - More Reviews and ...","https://localvortexmedia.com/reputation-management-for-plumbers/"
193,"growreviews.com",1,1,19.0,"Can Plumbers' Reputation Management Services Save Your ...","https://www.growreviews.com/blog/can-plumbers-reputation-management-services-save-your-business/"
194,"tradifyhq.com",1,1,13.0,"How To Market & Advertise a Plumbing Business","https://www.tradifyhq.com/blog/how-to-market-a-plumbing-business"
195,"onethingmarketing.net",1,1,15.0,"9 Plumbing Marketing Strategies PROVEN to Increase Leads","https://www.onethingmarketing.net/plumbing-marketing-strategies/"